X1,X2,X3,X4,X5,X6,X7,X8,X9,X10,X11,X12,X13,X14,X15,X16,X17,X18,X19,X20,X21,X22,X23,X24,target_raw,target_bad,PD_model,Decision_credito
1,6,4,12,5,5,3,4,1,67,3,2,1,2,1,0,0,1,0,0,1,0,0,1,1,0,0.051590453240426846,Aprobado automatico
2,48,2,60,1,3,2,2,1,22,3,1,1,1,1,0,0,1,0,0,1,0,0,1,2,1,0.7265441264269216,Rechazado
4,12,4,21,1,4,3,3,1,49,3,1,2,1,1,0,0,1,0,0,1,0,1,0,1,0,0.04427167156319832,Aprobado automatico
1,42,2,79,1,4,3,4,2,45,3,1,2,1,1,0,0,0,0,0,0,0,0,1,1,0,0.31077789931009314,Aprobado automatico
1,24,3,49,1,3,3,4,4,53,3,2,2,1,1,1,0,1,0,0,0,0,0,1,2,1,0.7006681395135715,Rechazado
4,36,2,91,5,3,3,4,4,35,3,1,2,2,1,0,0,1,0,0,0,0,1,0,1,0,0.12868465645011662,Aprobado automatico
4,24,2,28,3,5,3,4,2,53,3,1,1,1,1,0,0,1,0,0,1,0,0,1,1,0,0.10726672297663883,Aprobado automatico
2,36,2,69,1,3,3,2,3,35,3,1,1,2,1,0,1,1,0,1,0,0,0,0,1,0,0.38783504146687714,Aprobado automatico
4,12,2,31,4,4,1,4,1,61,3,1,1,1,1,0,0,1,0,0,1,0,1,0,1,0,0.09245373320504237,Aprobado automatico
2,30,4,52,1,1,4,2,3,28,3,2,1,1,1,1,0,1,0,0,1,0,0,0,2,1,0.6072241291765683,Rechazado
2,12,2,13,1,2,2,1,3,25,3,1,1,1,1,1,0,1,0,1,0,0,0,1,2,1,0.7052822291656149,Rechazado
1,48,2,43,1,2,2,4,2,24,3,1,1,1,1,0,0,1,0,1,0,0,0,1,2,1,0.8920807391806331,Rechazado
2,12,2,16,1,3,2,1,3,22,3,1,1,2,1,0,0,1,0,0,1,0,0,1,1,0,0.28574803844230834,Aprobado automatico
1,24,4,12,1,5,3,4,3,60,3,2,1,1,1,1,0,1,0,0,1,0,1,0,2,1,0.5355825353468842,Revision manual
1,15,2,14,1,3,2,4,3,28,3,1,1,1,1,1,0,1,0,1,0,0,0,1,1,0,0.7777652577224429,Rechazado
1,24,2,13,2,3,2,2,3,32,3,1,1,1,1,0,0,1,0,0,1,0,1,0,2,1,0.6124157655390287,Rechazado
4,24,4,24,5,5,3,4,2,53,3,2,1,1,1,0,0,1,0,0,1,0,0,1,1,0,0.03872188180152042,Aprobado automatico
1,30,0,81,5,2,3,3,3,25,1,3,1,1,1,0,0,1,0,0,1,0,0,1,1,0,0.9264194564862539,Rechazado
2,24,2,126,1,5,2,2,4,44,3,1,1,2,1,0,1,1,0,0,0,0,0,0,2,1,0.15970911952159803,Aprobado automatico
4,24,2,34,3,5,3,2,3,31,3,1,2,2,1,0,0,1,0,0,1,0,0,1,1,0,0.08558387189939404,Aprobado automatico
4,9,4,21,1,3,3,4,3,48,3,3,1,2,1,1,0,1,0,0,1,0,0,1,1,0,0.11948657437916224,Aprobado automatico
1,6,2,26,3,3,3,3,1,44,3,1,2,1,1,0,0,1,0,1,0,0,0,1,1,0,0.3637814056915831,Aprobado automatico
1,10,4,22,1,2,3,3,1,48,3,2,2,1,2,1,0,1,0,1,0,0,1,0,1,0,0.33036702973263504,Aprobado automatico
2,12,4,18,2,2,3,4,2,44,3,1,1,1,1,0,1,1,0,0,1,0,0,1,1,0,0.0866018091593545,Aprobado automatico
4,10,4,21,5,3,4,1,3,26,3,2,1,1,2,0,0,1,0,0,1,0,0,1,1,0,0.011429763997092435,Aprobado automatico
1,6,2,14,1,3,3,2,1,36,1,1,1,2,1,0,0,1,0,0,1,0,1,0,1,0,0.3951566557917588,Aprobado automatico
4,6,0,4,1,5,4,4,3,39,3,1,1,1,1,0,0,1,0,0,1,0,1,0,1,0,0.1282099197308117,Aprobado automatico
3,12,1,4,4,3,2,3,1,42,3,2,1,1,1,0,0,1,0,1,0,0,0,1,1,0,0.2688970366215109,Aprobado automatico
2,7,2,24,1,3,3,2,1,34,3,1,1,1,1,0,0,0,0,0,1,0,0,1,1,0,0.07203964116816855,Aprobado automatico
1,60,3,68,1,5,3,4,4,63,3,2,1,2,1,0,0,1,0,0,1,0,0,1,2,1,0.8104490720500231,Rechazado
2,18,2,19,4,2,4,3,1,36,1,1,1,2,1,0,0,1,0,0,1,0,0,1,1,0,0.2775721591137358,Aprobado automatico
1,24,2,40,1,3,3,2,3,27,2,1,1,1,1,0,0,1,0,0,1,0,0,1,1,0,0.7161791492342681,Rechazado
2,18,2,59,2,3,3,2,3,30,3,2,1,2,1,1,0,1,0,0,1,0,0,1,1,0,0.5544636041305929,Rechazado
4,12,4,13,5,5,3,4,4,57,3,1,1,1,1,0,0,1,0,1,0,0,1,0,1,0,0.03504391912968926,Aprobado automatico
3,12,2,15,1,2,2,1,2,33,1,1,1,2,1,0,0,1,0,0,1,0,0,0,1,0,0.2835354688878763,Aprobado automatico
2,45,4,47,1,2,3,2,2,25,3,2,1,1,1,0,0,1,0,0,1,0,1,0,2,1,0.5743151812455517,Rechazado
4,48,4,61,1,3,3,3,4,31,1,1,1,2,1,0,0,1,0,0,0,0,0,1,1,0,0.24880648397575308,Aprobado automatico
3,18,2,21,1,3,3,2,1,37,2,1,1,1,1,0,0,0,1,0,1,0,0,1,2,1,0.22852211944279568,Aprobado automatico
3,10,2,12,1,3,3,2,3,37,3,1,1,2,1,0,0,1,0,0,1,0,0,1,1,0,0.15148282809337774,Aprobado automatico
2,9,2,5,1,3,3,3,1,24,3,1,1,1,1,0,0,1,0,0,1,0,0,1,1,0,0.2198645671788949,Aprobado automatico
4,30,2,23,3,5,3,2,3,30,1,1,1,1,1,0,0,1,0,0,1,0,0,0,1,0,0.1999276368216889,Aprobado automatico
2,12,2,12,3,3,1,1,3,26,3,1,1,2,1,0,0,1,0,0,1,0,0,1,1,0,0.25509631123295246,Aprobado automatico
2,18,3,62,1,3,3,4,1,44,3,1,2,2,1,0,0,1,0,0,1,0,1,0,1,0,0.2207549345767534,Aprobado automatico
1,30,4,62,2,4,4,4,3,24,3,2,1,1,1,0,1,1,0,1,0,0,0,1,1,0,0.2840243707352961,Aprobado automatico
1,48,4,61,1,5,2,4,4,58,2,2,1,1,1,0,1,1,0,0,0,0,1,0,2,1,0.4930266350782594,Revision manual
4,11,4,14,1,2,2,4,3,35,3,2,1,1,1,1,0,1,0,0,1,0,0,0,1,0,0.1669717893374774,Aprobado automatico
4,36,2,23,3,5,3,4,3,39,3,1,1,1,1,0,0,1,0,0,1,0,0,1,1,0,0.17605734663828493,Aprobado automatico
1,6,2,14,3,1,2,2,2,23,3,1,1,2,1,0,1,1,0,1,0,1,0,0,1,0,0.1316144164919865,Aprobado automatico
4,11,4,72,1,3,3,4,2,39,3,2,1,1,1,1,0,1,0,0,1,0,1,0,1,0,0.17024002584013173,Aprobado automatico
4,12,2,21,2,3,2,2,1,28,3,1,1,1,1,0,0,0,1,0,1,0,0,1,1,0,0.08053230780787508,Aprobado automatico
2,24,3,23,5,2,3,2,2,29,1,1,1,1,1,0,0,1,0,0,1,0,1,0,1,0,0.380978043302469,Aprobado automatico
2,27,3,60,1,5,3,2,3,30,3,2,1,2,1,0,1,1,0,0,1,0,0,0,1,0,0.12077200400717572,Aprobado automatico
4,12,2,13,1,3,3,2,3,25,3,1,1,1,1,0,0,1,0,0,1,0,0,1,1,0,0.13940576654246367,Aprobado automatico
4,18,2,34,5,3,3,1,2,31,3,1,1,2,1,0,1,1,0,0,1,0,0,1,1,0,0.0298795287905543,Aprobado automatico
2,36,3,22,1,5,3,4,4,57,1,2,1,2,1,1,0,1,0,0,0,0,0,1,2,1,0.5844998050539019,Rechazado
4,6,1,8,5,3,3,2,1,26,2,1,2,1,1,1,0,0,0,0,1,0,1,0,1,0,0.0500160109037008,Aprobado automatico
2,12,2,65,5,1,3,1,4,52,3,1,1,2,1,0,0,1,0,0,1,0,0,0,2,1,0.2787099865856975,Aprobado automatico
4,36,4,96,1,3,2,2,3,31,2,2,1,1,1,0,0,1,0,0,1,0,0,1,1,0,0.4034018615314547,Revision manual
3,18,2,20,1,5,2,2,3,23,3,1,1,1,1,1,0,1,0,0,1,0,0,0,1,0,0.3183893721320505,Aprobado automatico
1,36,4,62,1,2,2,4,4,23,3,2,1,2,1,0,0,0,1,1,0,0,1,0,2,1,0.6318782441041877,Rechazado
2,9,2,14,1,3,4,1,1,27,1,1,1,2,1,0,0,1,0,0,1,0,0,1,1,0,0.2526815439127899,Aprobado automatico
2,15,4,15,5,5,3,4,1,50,3,2,1,2,1,0,0,0,0,0,1,0,0,1,1,0,0.0099474241344122,Aprobado automatico
2,36,0,20,1,5,3,4,4,61,3,1,1,2,1,0,0,1,0,0,0,0,0,0,2,1,0.432567365054757,Revision manual
2,48,0,144,1,3,3,2,3,25,3,1,1,2,1,0,0,1,0,0,1,0,0,1,2,1,0.8906277355709306,Rechazado
4,24,2,32,1,2,2,4,2,26,3,1,1,2,1,0,0,1,0,0,1,0,0,1,1,0,0.19359333818791102,Aprobado automatico
4,27,2,52,5,5,3,4,2,48,3,4,2,2,1,0,0,1,0,0,1,0,0,1,1,0,0.1130895431956118,Aprobado automatico
4,12,2,22,1,2,2,2,3,29,1,1,1,1,1,0,0,1,0,0,1,0,0,1,1,0,0.35838775192620853,Aprobado automatico
2,12,2,10,4,3,4,1,1,22,3,1,1,1,1,1,0,1,0,0,1,0,0,1,1,0,0.266473117514257,Aprobado automatico
4,36,2,18,1,3,3,4,4,37,2,1,1,2,1,0,0,1,0,0,0,0,0,1,2,1,0.20863758553124365,Aprobado automatico
4,36,2,24,5,3,2,4,3,25,3,1,1,1,1,0,0,1,0,0,1,0,0,1,1,0,0.21519362648753215,Aprobado automatico
4,36,2,81,1,3,2,2,2,30,1,1,1,1,1,0,1,1,0,0,1,0,0,1,1,0,0.409247354649511,Revision manual
4,7,4,7,5,5,3,2,2,46,3,2,1,2,1,0,0,1,0,1,0,0,1,0,1,0,0.014568763874976385,Aprobado automatico
1,8,4,12,1,5,3,4,4,51,1,2,2,2,1,0,0,1,0,0,0,0,0,0,1,0,0.135273052133928,Aprobado automatico
2,42,4,60,1,4,2,1,1,41,1,2,1,1,1,0,0,1,0,0,1,0,1,0,1,0,0.6494805040648242,Rechazado
1,36,2,20,5,5,3,4,4,40,3,1,1,2,1,0,0,1,0,0,1,0,0,0,2,1,0.3132714079742821,Aprobado automatico
1,12,4,15,1,5,3,4,4,66,3,2,1,1,1,0,1,1,0,0,0,0,0,0,1,0,0.06618213863168589,Aprobado automatico
1,42,2,40,1,2,3,3,3,34,3,1,1,1,1,0,0,1,0,0,1,0,0,1,2,1,0.834879529283763,Rechazado
2,11,3,48,1,4,3,4,2,51,3,1,1,1,1,0,0,1,0,0,1,0,0,1,1,0,0.217035484150533,Aprobado automatico
4,54,0,94,5,3,3,2,2,39,3,1,2,1,1,0,1,1,0,0,1,0,1,0,1,0,0.4722752118705706,Revision manual
2,30,2,38,1,2,4,1,2,22,3,1,1,1,1,0,0,1,0,0,1,0,0,1,1,0,0.5297950003903033,Revision manual
4,24,2,59,5,2,2,1,3,44,3,2,1,2,1,0,0,1,0,0,1,0,0,1,2,1,0.19717056722545204,Aprobado automatico
4,15,2,12,3,5,3,3,2,47,2,1,1,2,1,0,0,1,0,0,1,0,0,1,1,0,0.06175339081726033,Aprobado automatico
4,18,2,16,2,3,2,4,2,24,3,1,1,1,1,0,0,1,0,1,0,0,1,0,1,0,0.1842348906802412,Aprobado automatico
1,24,2,18,1,5,2,4,1,58,3,1,1,2,1,0,0,0,0,0,1,0,1,0,1,0,0.12471792076708729,Aprobado automatico
1,10,2,23,1,5,3,4,1,52,3,1,1,1,1,0,0,1,0,0,1,0,1,0,1,0,0.28983342032415293,Aprobado automatico
4,12,4,14,1,3,2,2,1,29,3,2,1,2,1,0,0,0,0,0,1,0,0,0,1,0,0.008039753566797588,Aprobado automatico
2,18,4,13,1,2,2,1,2,27,3,2,1,1,1,0,0,1,0,0,1,0,0,1,1,0,0.30554167191490117,Aprobado automatico
2,36,2,126,2,3,3,4,4,47,3,1,2,2,1,0,0,1,0,0,0,0,0,1,2,1,0.5153625630946523,Revision manual
1,18,2,22,2,4,3,3,3,30,3,1,2,2,1,1,0,1,0,0,1,0,0,0,1,0,0.47179008254993826,Revision manual
1,12,0,11,1,4,3,3,1,28,3,2,1,1,1,0,0,1,0,0,1,0,0,1,2,1,0.5801588837242556,Rechazado
4,12,4,6,1,5,3,4,1,56,3,1,1,1,1,0,0,1,0,0,1,0,0,1,1,0,0.030329612802052645,Aprobado automatico
1,12,4,14,1,5,3,3,1,54,3,1,1,1,1,0,1,1,0,0,1,0,0,1,1,0,0.07856932170628135,Aprobado automatico
4,12,4,8,5,5,2,3,2,33,1,1,2,1,1,0,0,1,0,0,1,0,1,0,2,1,0.04136313980087986,Aprobado automatico
3,24,4,36,5,5,3,4,4,20,3,2,1,1,1,0,0,0,1,1,0,0,0,1,1,0,0.07634141214331103,Aprobado automatico
2,12,2,13,4,5,3,4,1,54,3,1,1,2,1,1,0,1,0,0,1,0,0,1,1,0,0.1649399309492964,Aprobado automatico
2,54,0,159,1,2,3,4,4,58,3,1,1,2,1,0,0,1,0,1,0,0,0,1,2,1,0.9655020648010813,Rechazado
4,12,4,20,5,4,2,2,3,61,3,1,1,1,1,0,0,1,0,0,1,0,0,1,1,0,0.03937316073977012,Aprobado automatico
2,18,2,26,2,3,3,4,3,34,3,1,1,1,1,0,0,1,0,0,1,0,0,1,1,0,0.3701080816948622,Aprobado automatico
2,36,4,23,1,5,3,4,1,36,3,1,1,1,1,0,0,1,0,0,1,0,0,1,1,0,0.20973255961926202,Aprobado automatico
2,20,3,71,5,4,3,4,2,36,1,2,2,2,1,0,1,1,0,1,0,0,0,0,1,0,0.13918429456333994,Aprobado automatico
4,24,2,15,2,5,4,4,1,41,3,1,1,1,1,1,0,1,0,1,0,0,1,0,1,0,0.19609018498380618,Aprobado automatico
2,36,2,23,1,4,3,4,3,24,3,1,1,1,1,0,0,1,0,1,0,0,0,1,1,0,0.5952266986872179,Rechazado
4,6,3,9,1,3,2,2,1,24,3,1,1,1,1,0,0,1,0,0,1,0,0,1,1,0,0.061968347065400255,Aprobado automatico
2,9,4,19,1,4,3,3,3,35,3,1,1,2,1,0,0,1,0,1,0,0,0,1,1,0,0.11345947928261911,Aprobado automatico
4,12,2,24,5,2,4,4,3,26,3,1,1,2,1,0,1,1,0,1,0,0,0,1,1,0,0.031973485796392115,Aprobado automatico
2,24,4,119,1,3,3,3,3,39,3,2,2,2,1,0,0,0,1,0,1,0,0,0,2,1,0.23412795358188274,Aprobado automatico
4,18,1,65,1,5,3,4,4,39,1,2,2,2,1,1,0,1,0,0,1,0,0,0,2,1,0.4824183747479175,Revision manual
2,12,2,61,1,4,3,2,3,32,3,1,1,1,1,1,0,1,0,0,1,0,0,1,1,0,0.5465765746543746,Revision manual
1,24,2,77,5,2,2,2,2,30,3,1,1,2,2,0,0,1,0,0,1,0,0,1,1,0,0.24979741781202913,Aprobado automatico
2,14,2,14,3,5,4,2,1,35,3,1,1,2,1,0,0,1,0,0,1,0,0,1,1,0,0.08258038083625552,Aprobado automatico
2,6,3,14,2,5,1,2,3,31,1,2,2,1,1,0,0,1,0,0,1,0,0,1,1,0,0.34231092391436474,Aprobado automatico
3,15,2,4,1,2,2,4,2,23,3,1,1,2,1,0,0,1,0,1,0,0,0,1,1,0,0.2404265709214035,Aprobado automatico
2,18,2,63,1,4,3,3,1,28,3,1,1,1,1,1,0,1,0,1,0,0,1,0,1,0,0.5796993169537626,Rechazado
4,36,4,79,1,3,2,2,1,25,2,2,1,2,1,1,0,1,0,0,1,0,0,1,2,1,0.3626742355951562,Aprobado automatico
1,12,2,17,3,5,4,1,1,35,3,1,1,1,1,0,0,1,0,0,1,0,0,1,1,0,0.19423885436574878,Aprobado automatico
4,48,4,36,5,5,3,1,1,47,3,1,1,2,1,0,0,1,0,0,1,0,0,1,1,0,0.05368686135984209,Aprobado automatico
1,42,2,72,5,4,2,3,3,30,3,1,1,2,1,0,0,1,0,0,1,0,0,0,2,1,0.5053696913258447,Revision manual
1,10,4,21,5,2,2,3,1,27,3,2,1,1,2,0,0,0,1,1,0,0,0,1,1,0,0.07043327705475327,Aprobado automatico
1,33,4,43,3,3,2,4,3,23,3,2,1,1,1,0,0,1,0,0,1,0,0,1,2,1,0.506451490835285,Revision manual
2,12,4,24,3,4,1,3,3,36,3,1,1,2,1,1,0,1,0,0,1,0,0,0,1,0,0.1630881581168633,Aprobado automatico
1,21,2,18,1,3,2,2,1,25,3,2,1,2,1,0,0,1,0,0,1,0,0,1,2,1,0.46675384763577993,Revision manual
4,24,4,39,1,5,2,2,3,41,3,2,1,2,1,0,1,1,0,1,0,0,0,0,1,0,0.037287059992823245,Aprobado automatico
4,12,2,18,1,3,3,2,1,24,3,1,1,1,1,0,0,1,0,1,0,0,1,0,1,0,0.13278943311341235,Aprobado automatico
3,10,4,8,1,5,3,4,4,63,3,2,1,2,1,1,0,1,0,0,0,0,0,1,1,0,0.07253961074581125,Aprobado automatico
2,18,2,19,5,2,2,3,1,27,3,1,1,1,1,0,0,1,0,1,0,0,0,1,2,1,0.3205522544919322,Aprobado automatico
1,12,4,21,1,3,3,2,2,30,3,2,1,1,1,1,0,1,0,0,1,0,0,1,1,0,0.46484118035682787,Revision manual
1,12,2,7,1,3,4,2,1,40,3,1,1,1,1,0,0,1,0,0,1,0,1,0,1,0,0.3475773726324028,Aprobado automatico
2,12,2,6,1,3,3,2,3,30,3,1,1,1,1,0,0,1,0,0,1,0,0,1,2,1,0.3324276382725242,Aprobado automatico
2,12,4,19,1,1,3,2,3,34,3,2,1,2,1,0,1,1,0,0,1,0,0,0,1,0,0.09060928976755807,Aprobado automatico
1,12,4,35,1,3,2,2,1,29,3,2,1,1,1,1,0,0,1,0,1,0,0,1,2,1,0.40464460824612514,Revision manual
2,48,2,85,5,4,2,2,3,24,3,1,1,1,1,1,0,1,0,0,1,0,0,1,1,0,0.7891320233119472,Rechazado
1,36,3,69,1,3,3,3,2,29,2,1,1,2,1,0,0,1,0,0,1,0,0,1,2,1,0.6268612437311102,Rechazado
4,15,2,27,1,2,3,3,2,27,1,2,1,1,1,0,0,1,0,0,1,0,1,0,1,0,0.33789169305177874,Aprobado automatico
4,18,2,20,1,3,3,4,4,47,1,2,1,1,1,0,0,1,0,0,0,0,0,1,1,0,0.261474893005522,Aprobado automatico
4,60,2,101,2,4,2,4,1,21,3,1,1,2,1,0,0,1,0,0,1,0,0,1,1,0,0.4152680450541322,Revision manual
4,12,4,12,5,5,2,2,1,38,3,2,1,2,1,0,0,1,0,0,1,0,0,1,1,0,0.013635676048840226,Aprobado automatico
4,27,3,86,4,3,3,2,3,27,3,2,1,1,1,0,1,1,0,0,1,0,0,1,1,0,0.09296917261481466,Aprobado automatico
2,12,2,8,3,3,3,3,1,66,3,1,1,1,1,0,0,1,0,0,1,0,1,0,2,1,0.23129489256916655,Aprobado automatico
2,15,4,27,5,4,3,2,1,35,1,3,1,2,1,0,0,0,0,0,1,0,0,1,1,0,0.03140787085387653,Aprobado automatico
3,12,2,19,1,3,2,2,3,44,3,1,1,2,1,0,0,1,0,1,0,0,1,0,1,0,0.2568143106577572,Aprobado automatico
3,6,2,7,4,2,4,2,1,27,3,1,1,1,2,1,0,1,0,0,1,1,0,0,1,0,0.03426417894796719,Aprobado automatico
2,36,2,48,1,2,2,1,4,30,3,1,1,2,1,0,0,1,0,0,1,0,0,0,1,0,0.6257550760383678,Rechazado
1,27,2,34,1,3,3,2,3,27,3,1,1,1,1,0,0,1,0,0,1,0,0,0,1,0,0.5935707083390226,Rechazado
1,18,2,25,1,3,3,2,3,22,3,1,1,1,1,0,0,1,0,0,1,0,0,1,2,1,0.546891818868118,Revision manual
4,21,4,23,1,2,2,4,2,23,3,1,1,2,1,0,0,1,0,0,1,0,0,1,1,0,0.07409024582134381,Aprobado automatico
2,48,1,36,2,4,3,2,3,30,3,1,1,1,1,0,0,1,0,0,1,0,0,1,1,0,0.7433925111235631,Rechazado
1,6,4,9,1,5,2,4,4,39,3,2,1,2,1,1,0,1,0,0,1,0,0,1,1,0,0.29599733054973937,Aprobado automatico
4,12,4,7,2,4,2,3,3,51,3,2,1,2,1,1,0,1,0,0,1,0,0,1,1,0,0.09006152017388382,Aprobado automatico
1,36,4,54,1,3,3,2,2,28,3,2,1,1,1,0,0,0,0,0,1,0,0,1,1,0,0.24616000713963668,Aprobado automatico
4,18,4,16,4,5,3,4,3,46,3,2,1,1,1,0,0,1,0,0,1,0,0,1,1,0,0.038887011964224505,Aprobado automatico
4,6,2,13,2,5,3,4,4,42,1,1,2,2,1,0,0,1,0,0,0,0,0,1,1,0,0.05324809752876876,Aprobado automatico
4,10,2,19,1,3,3,4,2,38,3,1,1,2,2,0,0,1,0,0,1,0,0,1,1,0,0.029634837230633072,Aprobado automatico
3,36,2,58,1,3,3,1,3,24,3,1,1,1,1,0,0,1,0,0,1,0,0,1,1,0,0.5204698597183209,Revision manual
2,24,4,78,4,5,2,4,4,29,3,1,1,1,1,0,1,1,0,1,0,0,0,1,1,0,0.13806584946083938,Aprobado automatico
2,24,3,70,2,4,3,4,3,36,3,1,1,2,1,0,0,1,0,1,0,0,0,0,1,0,0.24150093158885497,Aprobado automatico
1,12,2,13,1,3,2,4,3,20,3,1,1,1,1,0,0,1,0,1,0,0,0,1,2,1,0.5677314893889372,Rechazado
1,9,4,13,2,5,3,4,1,48,3,2,2,1,2,0,0,0,0,0,1,0,0,1,1,0,0.014075283938005669,Aprobado automatico
1,12,1,3,1,5,4,1,3,45,1,1,1,1,1,0,0,1,0,0,1,0,1,0,1,0,0.6050019482454279,Rechazado
2,24,2,35,2,4,3,3,3,38,1,2,1,2,1,1,0,1,0,0,1,0,0,1,1,0,0.6931683205143226,Rechazado
4,6,4,19,5,3,3,2,1,34,3,2,2,1,1,0,0,1,0,0,1,0,1,0,1,0,0.02404525528758904,Aprobado automatico
4,24,4,29,2,5,3,4,1,36,3,1,2,2,1,0,0,1,0,0,1,0,0,1,1,0,0.029291015306943467,Aprobado automatico
4,18,4,11,1,2,2,1,2,30,3,2,1,1,1,1,0,1,0,0,1,0,0,1,1,0,0.2397018006754432,Aprobado automatico
4,15,2,13,3,4,3,3,2,36,3,2,1,2,1,0,0,1,0,0,1,0,0,1,1,0,0.06252089133844746,Aprobado automatico
2,10,2,73,1,1,3,4,4,70,1,1,1,2,1,1,0,1,0,0,0,0,0,0,1,0,0.6401472273592457,Rechazado
4,36,2,9,3,5,3,4,2,36,3,1,1,1,1,1,0,1,0,0,1,0,0,1,1,0,0.261284783080303,Aprobado automatico
4,6,2,30,3,3,3,2,3,32,3,1,1,2,1,0,0,1,0,0,1,0,0,1,1,0,0.06012461254918559,Aprobado automatico
1,18,2,11,1,1,2,2,3,33,3,1,1,1,1,0,0,1,0,0,1,0,0,1,2,1,0.7067439878838706,Rechazado
2,11,2,16,4,2,2,1,1,20,3,1,1,1,1,0,0,1,0,0,1,0,0,1,1,0,0.2370004626419769,Aprobado automatico
4,24,2,40,1,4,2,4,2,25,3,1,1,2,1,0,0,1,0,1,0,0,0,1,1,0,0.16895686957679643,Aprobado automatico
2,24,4,19,1,5,1,4,1,31,3,2,1,2,1,0,0,1,0,0,1,0,0,1,2,1,0.14518105276424356,Aprobado automatico
1,15,0,10,1,5,3,3,3,33,3,2,2,1,1,1,0,1,0,1,0,0,0,1,2,1,0.852348835938323,Rechazado
4,12,2,8,1,3,2,1,1,26,3,1,1,2,1,0,0,1,0,0,1,0,0,1,1,0,0.08102749168135097,Aprobado automatico
2,24,3,21,1,1,2,2,2,34,3,1,1,2,1,0,0,1,0,0,1,0,0,0,2,1,0.32484064234353627,Aprobado automatico
2,8,2,14,1,3,3,2,1,33,3,1,1,1,2,0,0,0,0,0,1,0,0,1,1,0,0.02696303603135996,Aprobado automatico
1,21,3,34,1,2,3,1,2,26,3,2,1,1,1,0,0,1,0,0,1,0,0,1,2,1,0.559368734199004,Rechazado
4,30,1,75,5,1,2,1,1,53,1,1,1,2,1,0,1,1,0,0,1,0,0,0,2,1,0.23526336601217165,Aprobado automatico
1,12,2,26,1,3,1,1,3,42,3,1,1,1,1,0,0,1,0,0,1,0,0,1,1,0,0.6238640984864579,Rechazado
1,6,4,3,3,5,3,4,3,52,3,2,1,1,1,0,0,1,0,0,1,0,0,1,1,0,0.1313827847835945,Aprobado automatico
4,12,2,20,1,4,3,2,3,31,3,2,2,2,1,0,0,1,0,1,0,0,0,0,1,0,0.1019490213483294,Aprobado automatico
1,21,4,6,1,5,3,4,1,65,3,2,1,1,1,1,0,1,0,0,1,0,0,1,1,0,0.4155449274777763,Revision manual
4,36,3,96,1,2,1,1,3,28,3,2,1,1,1,0,0,1,0,0,1,0,0,1,2,1,0.5411006084427658,Revision manual
2,36,3,45,1,3,1,2,1,30,2,2,1,2,1,0,0,1,0,0,1,0,0,0,2,1,0.49216042627301193,Revision manual
1,21,1,16,5,3,3,2,2,40,3,2,2,1,1,1,0,1,0,0,1,0,1,0,2,1,0.726584607677165,Rechazado
4,24,4,38,4,3,3,4,1,50,3,1,1,2,1,0,0,1,0,0,1,0,0,1,1,0,0.035791260127995765,Aprobado automatico
2,18,4,9,1,5,3,4,3,36,1,1,2,2,1,1,0,1,0,0,1,0,0,1,2,1,0.3284856836207204,Aprobado automatico
4,15,4,14,1,3,3,2,2,31,3,2,1,1,1,0,0,1,0,0,1,0,0,1,1,0,0.07370829933427371,Aprobado automatico
2,9,1,51,1,5,2,4,4,74,1,1,2,2,1,0,1,1,0,0,0,0,0,0,2,1,0.19984779788285167,Aprobado automatico
2,16,4,12,1,1,3,3,3,68,3,3,1,2,1,1,0,1,0,0,0,1,0,0,1,0,0.20439097425277256,Aprobado automatico
1,12,2,7,2,4,4,1,2,20,3,1,1,1,1,0,0,1,0,0,1,0,0,1,2,1,0.27379477790497186,Aprobado automatico
2,18,0,32,1,3,2,4,3,33,1,2,1,2,1,0,0,1,0,0,1,0,0,1,1,0,0.7698901501207406,Rechazado
4,24,2,46,4,3,3,3,2,54,3,3,1,2,1,0,0,1,0,0,1,0,0,0,2,1,0.11614827315111934,Aprobado automatico
2,48,0,38,2,4,3,4,4,34,3,1,2,1,1,0,0,1,0,0,0,0,1,0,2,1,0.7423028199932566,Rechazado
2,27,2,39,1,3,3,2,3,36,3,1,2,2,1,0,0,1,0,0,1,0,0,1,2,1,0.45406124147557647,Revision manual
4,6,2,21,1,4,4,2,1,29,3,1,1,1,1,0,0,1,0,1,0,0,0,1,1,0,0.07399855887190476,Aprobado automatico
2,45,2,30,2,3,3,4,2,21,3,1,1,1,1,0,0,0,0,1,0,0,0,1,2,1,0.32518697875348856,Aprobado automatico
2,9,4,15,1,5,2,3,3,34,3,2,1,2,1,0,0,1,0,0,1,0,0,0,2,1,0.07400876698184293,Aprobado automatico
4,6,4,14,1,3,2,1,3,28,3,2,1,2,1,0,0,1,0,0,1,0,0,1,1,0,0.04805136123453012,Aprobado automatico
2,12,2,10,2,2,2,4,3,27,1,4,1,1,1,0,0,1,0,1,0,0,0,1,2,1,0.74435806453255,Rechazado
2,24,2,28,5,5,3,4,4,36,1,1,1,2,1,0,1,1,0,0,0,0,0,1,1,0,0.09140199906298972,Aprobado automatico
2,18,3,43,1,5,1,3,4,40,3,1,1,2,1,0,0,1,0,0,1,0,0,0,2,1,0.21703497867567031,Aprobado automatico
4,9,4,9,3,5,3,2,3,52,3,2,1,2,1,0,0,1,0,0,1,0,0,1,1,0,0.021580985661302652,Aprobado automatico
1,12,2,12,1,3,4,3,1,27,3,1,1,1,1,1,0,1,0,0,1,0,1,0,1,0,0.517330094650356,Revision manual
4,27,3,51,1,4,3,4,3,26,3,2,1,1,1,0,0,1,0,0,1,0,0,1,1,0,0.18157606329026982,Aprobado automatico
1,12,2,9,1,4,4,4,2,21,3,1,1,1,1,0,0,1,0,1,0,0,0,1,2,1,0.35927525111434894,Aprobado automatico
4,12,4,15,1,5,3,1,1,38,3,2,2,1,1,1,0,1,0,0,1,0,1,0,1,0,0.08352533339862685,Aprobado automatico
1,30,4,106,1,5,3,4,4,38,3,3,2,2,1,0,1,1,0,0,0,0,0,0,1,0,0.15420771975020336,Aprobado automatico
4,12,4,19,1,5,3,4,1,43,3,3,1,2,1,0,0,1,0,0,1,0,0,1,1,0,0.027620263313977867,Aprobado automatico
2,12,4,14,1,4,3,3,2,26,3,1,1,1,1,0,0,1,0,0,1,0,0,1,1,0,0.11600479040003328,Aprobado automatico
1,24,2,66,1,3,4,2,3,21,2,1,1,1,1,0,0,1,0,0,1,0,1,0,1,0,0.696181031015955,Rechazado
4,12,2,14,4,4,3,2,2,55,3,1,1,1,2,0,1,1,0,0,1,0,0,1,1,0,0.012800356835708918,Aprobado automatico
4,9,4,31,5,3,3,2,1,33,3,2,2,1,1,0,0,1,0,0,1,0,0,1,1,0,0.029349625496299315,Aprobado automatico
4,36,2,38,5,5,2,4,1,45,3,1,1,2,1,0,0,1,0,0,1,0,1,0,1,0,0.08328313425799286,Aprobado automatico
1,27,0,53,1,1,3,4,2,50,2,2,1,2,1,0,0,1,0,0,1,0,0,1,2,1,0.8974571150766422,Rechazado
3,30,3,19,1,5,3,4,1,66,3,1,1,2,1,0,0,1,0,0,1,0,0,0,2,1,0.09361446578821694,Aprobado automatico
4,36,4,33,5,5,3,2,3,51,3,1,1,2,1,0,0,1,0,0,1,0,0,1,1,0,0.04515858497413516,Aprobado automatico
2,6,4,9,5,4,2,3,2,39,3,2,1,1,1,0,0,1,0,0,1,0,1,0,1,0,0.07072394236285241,Aprobado automatico
1,18,0,31,1,4,3,1,2,31,1,1,1,2,1,0,0,1,0,0,1,0,0,1,1,0,0.7366852395692437,Rechazado
3,36,2,39,1,3,3,2,1,23,3,1,1,2,1,0,0,1,0,0,1,0,0,1,1,0,0.291440105636459,Aprobado automatico
1,24,2,30,1,3,1,2,1,24,3,1,1,1,1,0,0,1,0,1,0,0,1,0,1,0,0.6936877975447975,Rechazado
4,10,2,14,1,3,2,4,3,64,3,1,1,2,1,1,0,1,0,0,1,0,0,1,1,0,0.23823412376801928,Aprobado automatico
2,12,2,6,1,2,4,1,1,26,1,1,1,1,1,0,0,0,0,0,1,0,1,0,1,0,0.15086664200569166,Aprobado automatico
1,12,2,12,5,3,2,4,2,23,1,1,1,2,1,0,0,1,0,1,0,0,0,1,1,0,0.40907724371517723,Revision manual
4,12,2,7,1,3,3,2,1,30,1,2,1,1,1,0,0,1,0,0,1,0,0,1,1,0,0.21556054625521873,Aprobado automatico
4,24,3,30,5,3,3,4,1,32,3,2,2,2,1,0,0,1,0,0,1,0,0,1,1,0,0.05055652450543697,Aprobado automatico
4,15,2,47,1,3,3,2,3,30,3,1,1,2,1,0,1,1,0,0,1,0,0,1,1,0,0.06490442503139583,Aprobado automatico
4,36,0,26,1,3,3,2,3,27,3,2,1,1,1,0,0,1,0,0,1,0,0,1,1,0,0.5971462949441352,Rechazado
2,48,2,110,4,4,3,2,4,27,1,2,1,2,1,0,0,0,1,0,1,0,0,1,2,1,0.7209972517848868,Rechazado
1,12,2,79,1,5,3,4,4,53,3,1,1,2,1,0,0,1,0,0,0,0,0,0,2,1,0.20712115817845003,Aprobado automatico
4,9,2,15,1,4,3,2,3,22,3,1,1,1,1,0,0,1,0,0,1,0,0,1,2,1,0.09902836578856226,Aprobado automatico
1,24,2,31,1,2,3,1,4,22,1,1,1,1,1,0,0,1,0,0,0,0,0,1,1,0,0.7250314517257331,Rechazado
3,36,2,42,1,3,3,2,3,26,3,1,1,1,1,0,0,1,0,0,1,0,0,1,2,1,0.49211917128375016,Revision manual
4,9,2,25,3,5,3,4,4,51,3,1,1,1,1,1,0,1,0,0,0,0,1,0,1,0,0.08768107237077341,Aprobado automatico
4,12,2,21,2,4,3,1,4,35,3,1,1,1,1,0,0,1,0,0,1,0,0,1,1,0,0.12765567672248368,Aprobado automatico
2,18,2,9,1,3,4,2,1,25,3,1,1,1,1,0,0,0,0,0,1,0,1,0,1,0,0.08007726453735649,Aprobado automatico
4,4,4,15,1,4,3,1,1,42,3,3,2,1,1,0,0,1,0,0,1,0,1,0,1,0,0.04438628138435298,Aprobado automatico
1,24,2,18,1,1,3,2,3,30,2,1,2,1,1,0,0,1,0,0,1,0,0,0,2,1,0.7508698493908529,Rechazado
2,6,2,146,5,1,3,2,2,23,3,1,1,2,1,1,0,1,0,0,1,1,0,0,2,1,0.27578924637943214,Aprobado automatico
2,21,2,28,2,5,1,2,3,61,1,2,1,1,1,0,0,1,0,1,0,0,1,0,2,1,0.7183668856456874,Rechazado
4,12,4,13,1,3,2,2,2,35,3,2,1,1,1,0,0,1,0,0,1,0,0,1,1,0,0.08033970380624442,Aprobado automatico
1,30,2,25,1,5,3,3,2,39,3,1,2,1,1,0,0,0,0,0,1,0,0,1,1,0,0.22789324016478185,Aprobado automatico
1,24,2,9,5,5,2,2,3,29,1,1,1,1,1,1,0,1,0,0,1,0,0,1,2,1,0.7061375339381143,Rechazado
4,6,2,16,1,4,3,2,2,51,3,1,2,1,1,0,0,1,0,0,1,0,0,1,1,0,0.09669291211602395,Aprobado automatico
1,48,0,46,1,5,3,4,4,24,3,2,2,1,1,0,1,1,0,0,0,0,0,1,2,1,0.7253238740156365,Rechazado
4,12,4,12,1,3,2,2,1,27,3,2,1,1,1,0,0,1,0,0,1,0,0,1,1,0,0.06422829474669746,Aprobado automatico
4,12,1,34,3,3,2,3,1,35,3,1,2,1,1,0,0,1,0,0,1,0,1,0,1,0,0.1598956055166029,Aprobado automatico
4,24,2,13,1,4,3,1,1,25,3,1,1,2,1,0,0,1,0,0,1,0,0,1,1,0,0.0882313273343028,Aprobado automatico
4,12,4,7,1,5,3,4,1,52,3,3,1,1,1,0,0,1,0,0,1,0,0,1,1,0,0.0425256395960952,Aprobado automatico
4,6,0,12,2,3,3,1,4,35,1,1,1,1,2,1,0,1,0,1,0,0,0,1,1,0,0.4217682835811298,Revision manual
3,24,2,19,1,3,3,2,1,26,3,1,1,1,1,0,0,1,0,0,1,0,0,1,1,0,0.2589091601203772,Aprobado automatico
4,18,2,4,1,1,2,4,1,22,3,1,1,1,1,0,0,0,1,1,0,0,0,1,2,1,0.19614199138339813,Aprobado automatico
1,6,4,7,4,4,2,4,1,39,3,2,1,2,1,1,0,1,0,0,1,0,1,0,1,0,0.15166889601814407,Aprobado automatico
3,12,2,23,1,3,2,2,3,46,3,1,1,1,1,0,0,1,0,0,1,0,1,0,1,0,0.29774986113445057,Aprobado automatico
2,30,2,22,1,3,2,2,4,24,1,1,1,1,1,1,0,0,0,0,1,0,0,1,2,1,0.6457195996101182,Rechazado
4,24,3,42,2,3,3,3,2,35,3,2,1,1,1,0,0,1,0,0,1,0,0,1,1,0,0.1532493838857566,Aprobado automatico
2,9,2,20,5,4,3,1,3,24,3,1,1,2,1,0,0,1,0,0,1,0,0,1,1,0,0.1013671487276762,Aprobado automatico
2,60,3,74,5,3,3,1,1,27,3,1,1,1,1,0,0,1,0,0,1,0,1,0,1,0,0.5663720488203627,Rechazado
4,24,4,27,1,3,3,2,1,35,3,2,1,1,1,0,0,1,0,0,1,0,1,0,1,0,0.09757589927573175,Aprobado automatico
1,12,1,21,1,3,1,1,4,29,3,1,1,1,1,0,0,1,0,0,0,0,0,1,2,1,0.5826042006292949,Rechazado
4,15,2,38,2,2,2,4,3,23,3,1,1,2,1,0,1,1,0,0,1,0,0,1,1,0,0.07168787307032454,Aprobado automatico
4,11,4,12,2,1,2,4,1,57,3,3,1,1,1,0,0,1,0,0,1,0,1,0,1,0,0.11058158834625684,Aprobado automatico
1,12,2,17,1,3,3,2,1,27,3,1,1,1,1,0,0,1,0,0,1,0,0,1,1,0,0.390048249744542,Aprobado automatico
1,24,2,16,1,5,2,4,3,55,3,1,1,1,1,0,0,1,0,0,1,0,0,1,1,0,0.5652821431047798,Rechazado
1,18,4,53,1,5,3,4,4,36,3,3,1,2,1,1,0,1,0,0,0,0,0,0,1,0,0.25216822178220605,Aprobado automatico
4,12,4,27,1,5,2,4,4,57,1,3,1,1,1,0,0,1,0,0,0,0,1,0,1,0,0.09963802014836932,Aprobado automatico
4,10,4,12,1,5,3,4,1,32,3,2,2,1,2,1,0,1,0,0,1,0,1,0,1,0,0.025552759582738418,Aprobado automatico
2,15,2,8,1,5,3,3,3,37,3,1,2,1,1,0,0,1,0,0,1,0,0,1,2,1,0.2776039125820567,Aprobado automatico
4,36,4,63,5,5,3,4,1,36,3,2,1,1,1,0,0,1,0,0,1,0,0,1,1,0,0.0599030582716195,Aprobado automatico
4,24,2,15,1,2,2,3,3,38,2,1,1,2,1,0,0,1,0,0,1,0,0,1,1,0,0.29260337172905504,Aprobado automatico
1,14,2,90,1,5,1,4,2,45,3,1,1,2,2,1,0,1,0,0,1,0,0,0,2,1,0.32357019237786055,Aprobado automatico
4,24,2,10,5,5,3,2,3,25,3,2,1,1,1,0,0,1,0,0,1,0,0,1,1,0,0.08695871129384025,Aprobado automatico
4,18,2,27,5,4,3,3,2,32,3,1,1,1,2,1,0,1,0,0,1,0,0,1,1,0,0.05583158269751807,Aprobado automatico
4,12,4,14,3,4,2,4,3,37,3,1,1,2,1,0,0,1,0,1,0,0,0,1,1,0,0.03687503451587277,Aprobado automatico
2,48,1,122,5,1,3,4,4,36,3,1,1,2,1,1,0,0,1,0,0,0,0,0,1,0,0.7237325335165278,Rechazado
2,48,2,31,1,4,3,4,1,28,3,2,1,1,1,0,0,1,0,0,1,0,0,1,2,1,0.6263766073886678,Rechazado
1,30,2,120,1,2,1,1,4,34,3,1,1,2,1,0,0,1,0,0,1,0,1,0,2,1,0.8532400273042069,Rechazado
4,9,2,27,1,3,3,2,1,32,3,1,2,1,1,0,0,1,0,0,1,0,0,1,1,0,0.1091343643611633,Aprobado automatico
4,18,4,24,1,3,2,2,3,26,3,2,1,1,1,0,0,1,0,0,1,0,0,1,1,0,0.12001476744843412,Aprobado automatico
1,12,2,13,5,5,1,4,2,49,3,1,1,2,1,0,0,1,0,0,1,0,1,0,1,0,0.18472050124643796,Aprobado automatico
4,6,2,46,1,2,2,4,2,32,3,1,1,1,1,0,0,1,0,0,1,0,0,1,2,1,0.16439685940278267,Aprobado automatico
4,24,2,19,2,3,3,4,3,29,3,1,1,2,1,0,0,1,0,1,0,0,0,0,1,0,0.1263484248443139,Aprobado automatico
4,15,4,34,4,5,3,4,4,23,3,2,1,2,1,0,1,1,0,1,0,0,0,1,1,0,0.01579397661287091,Aprobado automatico
4,12,2,16,1,3,3,2,1,50,3,1,1,1,1,0,0,1,0,0,1,0,0,1,1,0,0.12005357663925413,Aprobado automatico
3,18,1,14,5,4,3,4,3,49,1,1,1,1,1,0,0,1,0,0,1,0,1,0,1,0,0.32861531891122014,Aprobado automatico
4,15,4,15,5,5,3,4,2,63,3,1,1,1,1,0,0,1,0,0,1,0,0,1,1,0,0.02243770214499257,Aprobado automatico
2,24,4,39,2,2,1,2,3,37,3,1,1,2,1,1,0,1,0,0,1,0,0,1,1,0,0.4951960215770951,Revision manual
1,47,2,107,1,2,2,1,1,35,3,1,1,2,1,1,0,1,0,0,1,0,1,0,1,0,0.9222129703468528,Rechazado
1,48,2,48,1,4,3,3,2,26,3,1,2,1,1,0,1,1,0,0,1,0,0,1,1,0,0.6264367982380291,Rechazado
2,48,3,76,2,1,3,4,4,31,3,1,1,2,1,0,0,1,0,0,0,0,0,0,1,0,0.4639788985952337,Revision manual
2,12,2,11,1,3,2,4,1,49,3,2,1,2,1,0,0,0,0,0,1,0,0,1,1,0,0.07977959444554684,Aprobado automatico
1,24,3,10,1,2,4,4,1,48,2,1,1,1,1,0,0,1,0,0,1,0,0,1,2,1,0.5165249354608965,Revision manual
4,12,2,11,1,3,4,2,1,26,3,1,1,2,2,0,0,1,0,0,1,0,0,1,1,0,0.02078217461856514,Aprobado automatico
2,36,2,94,1,2,4,4,3,28,3,1,1,2,1,0,1,1,0,1,0,0,0,0,2,1,0.4086752721069952,Revision manual
1,24,4,64,1,5,2,4,4,44,3,2,2,2,1,0,1,1,0,0,0,0,0,0,1,0,0.10363092655765574,Aprobado automatico
3,42,4,48,1,5,3,4,4,56,3,1,1,1,1,0,1,1,0,0,0,0,0,1,1,0,0.09598820561656116,Aprobado automatico
4,48,4,76,5,5,1,2,3,46,1,2,2,1,1,0,0,1,0,0,1,0,0,0,1,0,0.3182496269074996,Aprobado automatico
2,48,2,100,1,2,2,2,3,26,3,1,1,2,1,0,0,1,0,0,1,0,0,1,2,1,0.8017391406347281,Rechazado
4,12,2,47,5,2,2,4,3,20,3,1,1,1,1,0,1,1,0,1,0,0,0,1,1,0,0.07934313327625685,Aprobado automatico
4,10,2,13,5,5,3,2,2,45,3,1,1,1,2,1,0,0,1,0,1,0,1,0,1,0,0.02315506384496751,Aprobado automatico
4,18,2,25,1,3,3,4,1,43,3,1,1,2,1,0,0,1,0,0,1,0,0,1,1,0,0.09580235414345754,Aprobado automatico
2,21,4,27,4,4,3,2,3,32,3,2,1,2,1,0,0,1,0,0,1,0,0,1,1,0,0.10693271912058863,Aprobado automatico
4,6,2,7,1,1,2,4,1,54,3,1,1,2,1,1,0,1,0,0,1,1,0,0,1,0,0.11536250941387302,Aprobado automatico
2,36,0,38,1,3,2,1,3,42,3,1,1,2,1,0,0,1,0,0,1,0,0,1,2,1,0.7839719333402865,Rechazado
3,24,4,13,5,4,3,2,1,37,1,2,2,1,1,1,0,1,0,0,1,0,1,0,2,1,0.24476730081931516,Aprobado automatico
1,10,4,10,1,4,3,3,2,49,3,2,1,2,1,1,0,0,1,0,1,0,0,1,1,0,0.22345674464948295,Aprobado automatico
4,48,4,101,3,3,3,2,4,44,1,1,1,1,1,1,0,1,0,0,0,0,0,1,2,1,0.5351271694122258,Revision manual
4,6,2,15,4,3,1,2,1,33,3,1,1,1,1,0,0,1,0,0,1,0,0,1,1,0,0.07502101536934931,Aprobado automatico
4,30,2,48,5,4,2,4,2,24,2,1,1,1,1,0,1,1,0,1,0,0,1,0,1,0,0.12223788973781635,Aprobado automatico
1,12,2,7,2,2,4,3,4,33,3,1,1,2,1,0,0,1,0,0,1,0,1,0,2,1,0.3643835585475284,Aprobado automatico
2,8,2,12,1,3,2,4,1,24,3,1,1,1,1,0,0,1,0,0,1,0,0,1,2,1,0.25037238248603494,Aprobado automatico
2,9,2,3,1,3,4,4,1,22,3,1,1,1,1,1,0,1,0,1,0,0,1,0,1,0,0.38816613009131334,Aprobado automatico
2,48,2,54,5,1,3,4,4,40,1,1,1,2,1,0,0,1,0,0,0,1,0,0,1,0,0.4890823566675119,Revision manual
4,24,2,55,2,3,3,1,3,25,2,1,1,1,1,0,0,1,0,0,1,0,0,1,1,0,0.30074442064880663,Aprobado automatico
3,24,2,37,1,2,2,4,3,26,3,1,1,1,1,0,0,1,0,0,1,0,0,1,1,0,0.4517803060996444,Revision manual
2,12,2,7,1,4,4,3,3,25,1,1,1,1,1,1,0,1,0,0,1,0,1,0,2,1,0.5688522770927222,Rechazado
3,4,2,15,5,2,3,2,1,29,3,1,2,1,2,1,0,1,0,0,1,0,1,0,1,0,0.0728293630021521,Aprobado automatico
1,36,1,27,1,5,3,4,3,31,1,1,1,1,1,0,0,1,0,0,1,0,0,1,2,1,0.836901118521722,Rechazado
1,12,2,7,1,3,3,3,2,38,3,1,2,1,1,0,0,0,0,0,1,0,1,0,1,0,0.16408866555243667,Aprobado automatico
2,24,2,44,5,3,2,4,2,48,3,1,1,2,1,0,0,1,0,0,1,0,1,0,1,0,0.25849751986906,Aprobado automatico
4,12,4,7,1,3,3,2,3,32,3,2,1,1,1,0,0,1,0,0,1,0,0,1,1,0,0.07473453241049816,Aprobado automatico
1,15,3,36,1,5,2,4,2,27,3,2,1,1,1,0,0,1,0,0,1,0,1,0,1,0,0.342916336345677,Aprobado automatico
2,30,4,42,1,1,4,2,3,28,3,2,1,1,1,1,0,1,0,0,1,0,0,0,2,1,0.5928092329661919,Rechazado
1,24,2,19,1,2,1,3,2,32,3,1,1,1,1,0,0,1,0,0,1,0,0,1,2,1,0.7156842112264407,Rechazado
1,24,2,29,1,4,3,1,4,34,3,1,1,2,1,0,1,1,0,0,0,0,0,0,1,0,0.1586552564616694,Aprobado automatico
1,18,2,27,4,3,3,2,3,28,3,1,1,1,1,0,0,1,0,0,1,0,0,1,1,0,0.4254549502319479,Revision manual
4,18,4,10,1,3,2,3,1,36,3,2,1,1,1,1,0,1,0,0,1,0,0,1,1,0,0.16648237290718443,Aprobado automatico
1,8,4,34,1,4,3,4,1,39,3,2,1,1,2,1,0,1,0,0,1,0,1,0,1,0,0.15678231133555096,Aprobado automatico
4,12,4,58,5,5,3,4,2,49,3,1,1,2,1,0,0,1,0,1,0,0,0,1,1,0,0.019666424804135583,Aprobado automatico
4,24,2,15,4,4,2,3,3,34,3,1,2,2,1,1,0,1,0,0,1,0,0,1,1,0,0.1925311540255204,Aprobado automatico
3,36,2,45,1,5,3,2,3,31,3,1,1,1,1,0,0,1,0,0,1,0,0,1,1,0,0.3828805565729981,Aprobado automatico
2,6,2,11,1,5,3,4,3,28,3,1,2,1,1,0,0,1,0,0,1,0,0,1,1,0,0.1943730980714566,Aprobado automatico
1,24,4,66,1,1,3,4,4,75,3,2,1,2,1,0,1,1,0,0,0,0,0,0,1,0,0.22808561538551306,Aprobado automatico
4,18,4,19,2,3,2,2,1,30,3,2,1,1,1,0,0,1,0,0,1,0,0,1,2,1,0.07335068935546415,Aprobado automatico
2,60,2,74,2,2,2,2,2,24,3,1,1,1,1,1,0,1,0,0,1,0,0,0,2,1,0.9125768444442729,Rechazado
4,48,4,116,2,3,2,4,3,24,1,2,1,1,1,0,1,1,0,1,0,0,1,0,2,1,0.45874745289625246,Revision manual
1,24,0,41,1,5,3,4,4,23,1,2,2,1,1,0,0,1,0,1,0,0,0,1,2,1,0.9111085785051906,Rechazado
1,6,4,34,1,3,1,4,1,44,3,1,1,2,1,0,0,1,0,1,0,0,0,0,2,1,0.1830373733375618,Aprobado automatico
2,13,2,21,1,2,2,4,2,23,3,1,1,1,1,0,0,0,0,0,1,0,1,0,1,0,0.13845560515925212,Aprobado automatico
1,15,2,13,5,3,2,2,3,24,3,1,1,1,1,0,0,1,0,1,0,0,0,1,2,1,0.4427925210878491,Revision manual
1,24,2,42,1,3,3,4,2,28,3,1,1,1,1,0,0,1,0,0,1,0,0,1,1,0,0.5864683665408356,Rechazado
2,10,2,15,1,3,1,2,3,31,3,1,1,1,1,0,0,1,0,0,1,0,1,0,1,0,0.4187356060325109,Revision manual
2,24,4,57,1,2,2,4,4,24,3,2,1,2,1,0,0,1,0,0,0,0,0,1,1,0,0.23374936948034067,Aprobado automatico
1,21,2,36,1,4,2,4,3,26,3,1,1,1,1,0,0,1,0,1,0,0,1,0,1,0,0.6420720662013722,Rechazado
2,18,2,32,3,2,4,3,1,25,3,1,1,1,1,0,0,1,0,1,0,0,0,1,1,0,0.3251429493608412,Aprobado automatico
2,18,2,44,1,5,3,1,1,33,1,1,1,2,1,0,0,0,1,0,1,0,0,0,1,0,0.1976702366786938,Aprobado automatico
3,10,2,39,1,2,3,1,2,37,3,1,2,1,1,1,0,0,0,0,1,0,1,0,1,0,0.17360458794864608,Aprobado automatico
4,15,4,15,1,3,2,2,3,43,3,1,1,1,1,0,0,1,0,0,1,0,1,0,1,0,0.09487214267757085,Aprobado automatico
2,13,4,9,1,2,3,4,1,23,3,2,1,1,1,0,0,0,0,0,1,0,0,1,1,0,0.048272177354761754,Aprobado automatico
2,24,2,38,3,1,2,4,4,23,3,1,1,1,1,0,0,1,0,1,0,1,0,0,1,0,0.49717165314073003,Revision manual
4,6,3,17,2,3,3,2,1,34,3,2,1,1,1,0,0,1,0,0,1,0,1,0,1,0,0.05696300441583738,Aprobado automatico
2,9,4,11,4,5,3,3,4,32,3,2,2,1,1,0,0,1,0,0,0,0,0,1,2,1,0.04820297183779,Aprobado automatico
4,9,2,12,1,2,2,4,1,23,3,1,1,2,1,0,0,1,0,1,0,0,0,1,1,0,0.10825555053591358,Aprobado automatico
2,9,2,10,1,3,2,2,3,29,3,1,1,1,2,0,0,1,0,0,1,0,0,1,2,1,0.1659259244664697,Aprobado automatico
4,18,4,32,5,1,3,4,4,38,3,1,1,2,1,0,1,1,0,0,1,0,0,0,1,0,0.020616419776593006,Aprobado automatico
1,12,0,62,1,3,3,2,2,28,3,2,1,2,1,0,0,1,0,1,0,0,0,1,2,1,0.71573739685715,Rechazado
4,10,2,7,3,5,3,4,4,46,3,1,1,2,1,0,0,1,0,0,0,0,0,1,1,0,0.024639656774687105,Aprobado automatico
2,24,2,12,1,2,3,2,1,23,2,1,1,1,1,1,0,1,0,0,1,0,1,0,2,1,0.6968954814188167,Rechazado
4,12,4,23,5,5,3,4,1,49,3,1,1,2,1,0,0,0,1,0,1,0,0,1,1,0,0.0071417425195244005,Aprobado automatico
4,36,3,45,1,3,3,2,3,26,3,2,1,2,1,0,0,1,0,0,1,0,0,0,2,1,0.1699767730110852,Aprobado automatico
4,12,2,8,1,3,4,2,1,28,3,1,1,1,1,0,0,1,0,0,1,0,0,1,1,0,0.0837224734508913,Aprobado automatico
1,30,2,24,1,4,2,4,1,23,3,1,1,1,1,0,0,1,0,1,0,0,0,1,2,1,0.6297237474240078,Rechazado
2,18,2,12,5,3,3,4,4,61,3,1,1,1,1,0,0,1,0,0,0,0,0,1,1,0,0.18648191985848672,Aprobado automatico
3,12,2,34,5,5,3,3,3,37,3,1,1,1,1,0,0,1,0,0,1,0,0,0,1,0,0.07002552972272057,Aprobado automatico
3,12,3,22,1,3,2,2,3,36,2,2,1,2,1,1,0,1,0,0,1,0,0,1,1,0,0.37754757537284955,Aprobado automatico
4,6,2,18,1,3,4,2,2,21,3,1,1,1,1,0,0,1,0,1,0,0,0,1,1,0,0.10246205457607592,Aprobado automatico
1,18,2,25,1,1,3,1,3,25,3,1,1,1,1,0,0,1,0,0,1,1,0,0,2,1,0.5025052837338981,Revision manual
4,12,2,15,1,4,3,4,3,36,3,1,1,2,1,0,0,1,0,0,1,0,0,1,1,0,0.07575314603571116,Aprobado automatico
4,18,4,38,1,4,3,1,3,27,3,2,1,1,1,0,1,1,0,0,1,0,0,1,1,0,0.04392532490845522,Aprobado automatico
1,18,2,36,1,2,2,4,3,22,3,1,1,1,1,0,0,1,0,1,0,0,0,1,1,0,0.7178943780752561,Rechazado
1,36,2,34,1,5,3,2,3,42,3,1,2,1,1,0,0,1,0,0,1,0,0,1,2,1,0.6775295697328884,Rechazado
2,18,2,30,1,4,2,4,1,40,3,1,1,1,1,0,0,1,0,1,0,0,0,1,1,0,0.40056773223725833,Revision manual
4,36,2,31,5,3,3,4,1,36,3,1,1,1,1,1,0,1,0,0,1,0,0,1,1,0,0.278765355683853,Aprobado automatico
4,18,4,61,1,5,3,4,3,33,3,2,1,2,1,0,0,1,0,0,1,0,0,1,1,0,0.0501174602704331,Aprobado automatico
4,10,4,21,1,2,2,3,1,23,3,2,1,1,1,0,0,1,0,1,0,0,0,1,1,0,0.09704801661425742,Aprobado automatico
4,60,4,138,5,5,3,4,4,63,1,1,1,2,1,1,0,1,0,0,0,0,0,0,1,0,0.3423099234064872,Aprobado automatico
2,60,1,148,2,5,2,4,4,60,1,2,1,2,1,0,0,1,0,0,0,0,0,0,2,1,0.8806770979115471,Rechazado
1,48,1,77,1,4,2,4,3,37,3,1,1,1,1,0,0,0,0,1,0,0,0,1,2,1,0.7537230092050681,Rechazado
4,18,3,23,1,1,4,3,1,34,3,2,1,1,1,0,0,1,0,0,1,0,0,1,1,0,0.14246868680000577,Aprobado automatico
4,7,3,8,5,5,3,4,4,36,3,1,1,1,1,0,0,1,0,0,0,0,0,1,1,0,0.014461873463935297,Aprobado automatico
2,36,2,143,1,5,3,2,4,57,3,1,1,2,1,1,0,1,0,0,0,0,0,0,2,1,0.598060349044752,Rechazado
4,6,4,4,2,3,2,4,3,52,3,2,1,1,1,1,0,1,0,0,1,0,1,0,1,0,0.12803796862723585,Aprobado automatico
1,20,2,22,5,4,3,4,3,39,3,1,1,2,1,0,0,1,0,0,1,0,0,1,1,0,0.24649032378246435,Aprobado automatico
2,18,2,130,1,1,2,4,4,38,3,1,1,2,1,0,1,1,0,0,0,0,0,0,2,1,0.2681662230874873,Aprobado automatico
4,22,2,13,5,4,2,4,2,25,3,1,1,1,1,1,0,1,0,1,0,0,0,1,1,0,0.21119752472129077,Aprobado automatico
3,12,2,13,1,2,3,1,1,26,3,1,1,1,1,1,0,1,0,0,1,0,0,1,1,0,0.3682550245419485,Aprobado automatico
4,30,3,43,2,3,3,2,2,26,3,2,1,1,1,0,0,1,0,0,1,0,1,0,1,0,0.1850322894311811,Aprobado automatico
4,18,4,22,1,3,2,1,3,25,3,2,1,1,1,0,0,1,0,0,1,0,0,1,1,0,0.12130643747449082,Aprobado automatico
4,18,2,11,5,2,2,2,1,21,3,1,1,2,1,0,0,1,0,1,0,0,0,1,1,0,0.083352985691322,Aprobado automatico
2,18,4,74,1,1,3,4,2,40,2,2,1,2,1,0,0,1,0,0,1,0,0,0,1,0,0.3088797575320992,Aprobado automatico
2,15,4,23,3,3,3,4,3,27,1,1,1,1,1,0,0,1,0,0,1,0,0,1,1,0,0.25027504142893614,Aprobado automatico
4,9,2,14,1,4,2,2,3,27,3,2,1,1,1,0,0,1,0,0,1,0,0,1,1,0,0.1428765909885424,Aprobado automatico
4,18,2,18,1,3,4,2,2,30,3,1,1,2,1,1,0,1,0,0,1,0,0,0,1,0,0.1376416764236865,Aprobado automatico
2,12,2,10,4,2,2,4,1,19,3,1,1,1,1,0,0,1,0,1,0,0,1,0,1,0,0.2728152252350978,Aprobado automatico
1,36,2,32,1,4,3,4,4,39,1,1,2,2,1,1,0,1,0,0,0,0,0,0,1,0,0.758538530640402,Rechazado
1,6,4,20,1,4,2,4,3,31,3,1,1,1,1,0,0,1,0,0,1,0,0,1,1,0,0.21348019741795451,Aprobado automatico
4,9,4,24,1,1,3,3,3,31,3,1,1,1,1,0,0,1,0,0,1,0,0,0,1,0,0.07184857875142123,Aprobado automatico
2,39,3,118,2,4,3,3,4,32,3,1,1,2,1,0,0,1,0,1,0,0,0,1,1,0,0.5665627478456211,Rechazado
1,12,2,26,1,1,2,4,4,55,3,1,1,1,1,0,0,1,0,0,0,0,0,0,1,0,0.5022010218446983,Revision manual
1,36,4,23,1,3,4,2,2,46,3,2,1,2,1,0,0,1,0,0,1,0,0,1,1,0,0.39511994104412484,Aprobado automatico
2,12,2,12,1,5,1,1,1,46,3,2,1,1,1,1,0,1,0,1,0,0,0,1,2,1,0.5721531392769911,Rechazado
4,24,4,15,4,3,2,1,1,43,3,2,1,1,1,0,0,1,0,0,1,0,1,0,1,0,0.0724181020531738,Aprobado automatico
4,18,2,15,1,2,4,4,1,39,3,1,1,2,1,0,0,1,0,0,1,0,0,1,1,0,0.092337665604617,Aprobado automatico
2,18,4,19,5,3,4,4,1,28,1,2,1,1,1,0,0,1,0,0,1,0,0,1,1,0,0.1515878004298318,Aprobado automatico
4,24,3,86,1,2,3,2,3,27,1,2,1,2,1,0,0,1,0,0,1,0,0,1,2,1,0.351806994180945,Aprobado automatico
4,14,3,8,1,3,3,2,3,27,3,2,1,1,1,1,0,1,0,0,1,0,1,0,1,0,0.22603359280229626,Aprobado automatico
2,18,3,29,5,5,3,4,3,43,3,1,2,1,1,1,0,1,0,0,1,0,0,1,1,0,0.2554153875952513,Aprobado automatico
2,24,2,20,1,2,4,1,2,22,3,1,1,2,1,0,0,1,0,0,1,0,0,1,2,1,0.33029665006850983,Aprobado automatico
4,24,4,22,5,4,3,4,3,43,3,2,2,2,1,0,1,1,0,0,1,0,0,1,1,0,0.017997105200407655,Aprobado automatico
1,15,2,11,1,2,4,2,1,27,3,1,1,1,2,0,0,1,0,0,1,0,0,1,1,0,0.2120226122559548,Aprobado automatico
4,24,2,32,3,5,1,2,3,26,3,1,1,2,1,0,0,1,0,0,1,0,0,0,1,0,0.08480519002915923,Aprobado automatico
3,12,4,9,3,4,4,2,1,28,3,3,1,2,1,1,0,1,0,0,1,0,0,1,2,1,0.06775383617006532,Aprobado automatico
2,24,2,20,1,5,2,4,3,20,3,1,1,2,1,0,0,1,0,0,1,0,0,1,1,0,0.2737217426919959,Aprobado automatico
4,33,4,73,1,4,3,2,3,35,3,2,1,2,1,0,1,1,0,0,1,0,0,0,1,0,0.05016567516769911,Aprobado automatico
4,12,4,23,1,1,3,2,3,42,2,2,1,2,1,0,0,1,0,0,1,0,0,0,2,1,0.09561491091817015,Aprobado automatico
4,10,2,16,3,3,3,2,4,40,3,1,2,1,2,1,0,1,0,1,0,0,1,0,1,0,0.13900052606948393,Aprobado automatico
1,24,2,14,5,3,2,2,2,35,3,1,1,1,1,1,0,1,0,0,1,0,0,1,2,1,0.6365198337917981,Rechazado
4,36,4,58,1,5,3,2,2,35,3,2,2,2,1,0,1,1,0,0,1,0,0,1,1,0,0.049172759480219284,Aprobado automatico
1,12,2,26,1,2,3,1,1,33,3,1,2,1,1,1,0,1,0,0,1,0,1,0,2,1,0.6873113378225223,Rechazado
1,18,3,85,5,3,2,2,3,23,3,2,1,2,1,0,0,1,0,1,0,0,0,1,1,0,0.4031692346966029,Revision manual
4,21,2,28,3,4,2,2,3,31,1,1,1,1,1,1,0,1,0,0,1,0,0,0,1,0,0.37744632852624455,Aprobado automatico
2,18,2,10,5,3,2,2,2,33,3,1,1,1,1,1,0,1,0,0,1,0,0,1,2,1,0.42472541348808135,Revision manual
4,15,2,32,4,4,2,3,3,20,3,1,1,1,1,1,0,1,0,1,0,0,0,1,1,0,0.24052280359596956,Aprobado automatico
2,12,2,20,5,3,3,2,3,30,3,1,1,1,1,0,1,1,0,0,1,0,0,1,1,0,0.10967618875933571,Aprobado automatico
2,12,4,10,1,4,3,3,1,47,3,2,2,1,1,1,0,1,0,0,1,0,1,0,1,0,0.2599906577370777,Aprobado automatico
4,21,3,16,2,4,3,3,1,34,3,2,1,1,1,0,0,1,0,0,1,0,0,0,1,0,0.061768873348641666,Aprobado automatico
2,12,2,28,5,5,2,2,2,25,1,1,1,2,1,0,0,1,0,0,1,0,0,1,2,1,0.17508156887216966,Aprobado automatico
2,18,2,28,1,3,4,3,3,21,3,1,1,2,1,0,1,1,0,1,0,0,0,1,1,0,0.17872794321223381,Aprobado automatico
4,28,4,27,1,5,3,2,3,29,3,2,1,1,1,0,0,1,0,0,1,0,0,1,1,0,0.09798966948265159,Aprobado automatico
4,18,4,11,4,3,3,3,1,46,3,2,1,1,1,0,0,1,0,0,1,0,0,1,1,0,0.04439527433295606,Aprobado automatico
4,9,2,13,1,5,3,4,3,20,3,1,1,1,1,0,0,1,0,0,1,0,0,1,1,0,0.07277209599694241,Aprobado automatico
1,18,4,12,1,1,2,4,4,55,3,3,2,1,1,0,0,1,0,0,0,1,0,0,2,1,0.3327009274098995,Aprobado automatico
4,5,2,34,1,4,3,4,1,74,3,1,1,1,1,0,0,1,0,0,1,0,1,0,1,0,0.08755377121879487,Aprobado automatico
2,24,2,113,1,3,3,3,3,29,1,2,1,2,1,0,0,0,1,0,1,0,0,0,2,1,0.5571419815994622,Rechazado
1,6,4,19,1,1,3,4,4,36,3,3,1,2,1,0,0,1,0,0,0,0,0,0,1,0,0.1672341065420008,Aprobado automatico
4,24,4,21,1,3,1,2,1,33,3,2,1,2,1,0,0,1,0,0,1,0,0,1,1,0,0.08965054916510237,Aprobado automatico
1,9,2,21,1,3,3,2,1,25,3,1,1,1,1,0,0,1,0,0,1,0,0,1,1,0,0.3619168945375617,Aprobado automatico
2,12,2,15,5,3,4,1,1,25,3,1,1,2,1,0,0,1,0,0,1,0,0,1,2,1,0.08400903426106712,Aprobado automatico
4,6,2,7,3,4,4,4,1,23,3,1,1,1,1,0,0,1,0,1,0,0,1,0,1,0,0.043754557068774534,Aprobado automatico
4,24,4,13,4,5,2,4,1,37,3,2,1,2,1,1,0,1,0,0,1,0,0,1,1,0,0.05449893474740775,Aprobado automatico
1,42,4,34,1,1,3,4,3,65,3,2,1,1,1,0,0,0,1,0,1,1,0,0,1,0,0.5584586465355682,Rechazado
3,12,1,6,1,2,2,1,1,26,3,1,1,1,1,0,0,1,0,0,1,1,0,0,2,1,0.1900954716095987,Aprobado automatico
4,12,2,19,1,5,3,4,3,39,3,1,1,2,1,1,0,1,0,0,1,0,0,0,1,0,0.09926376545730414,Aprobado automatico
1,12,2,16,1,3,2,3,2,30,3,1,1,1,1,0,0,0,1,0,1,0,0,1,1,0,0.3952475914518199,Aprobado automatico
2,20,3,26,1,3,3,3,3,29,1,2,1,2,1,0,0,1,0,0,1,0,0,1,1,0,0.4302664913362916,Revision manual
4,12,2,7,1,5,3,4,3,41,1,1,2,1,1,0,0,1,0,0,1,0,1,0,2,1,0.17780792738161355,Aprobado automatico
2,48,4,51,1,3,2,3,3,30,3,1,1,2,1,0,0,1,0,0,1,0,0,0,2,1,0.41772814039524503,Revision manual
4,9,4,12,5,5,2,4,2,41,3,2,1,1,1,0,0,1,0,1,0,0,1,0,1,0,0.028363411361320527,Aprobado automatico
1,36,2,18,1,2,2,4,3,34,3,1,1,2,1,1,0,1,0,0,1,0,0,1,2,1,0.8494977654851488,Rechazado
2,7,2,26,1,3,3,2,1,35,3,1,1,1,1,0,0,0,0,0,1,0,0,1,1,0,0.07331056777829265,Aprobado automatico
3,12,2,14,5,5,2,4,1,55,3,1,1,2,1,0,0,1,0,0,1,0,0,0,1,0,0.038040159228562506,Aprobado automatico
2,15,3,15,4,3,4,3,2,61,2,2,1,1,1,0,0,1,0,0,1,0,0,1,2,1,0.237885097398136,Aprobado automatico
4,36,4,111,5,3,3,2,3,30,3,1,1,2,1,0,1,1,0,0,1,0,0,0,1,0,0.03641130298166207,Aprobado automatico
4,6,2,5,1,3,2,1,1,29,3,1,1,1,1,0,0,1,0,0,1,0,0,1,1,0,0.09717324006268274,Aprobado automatico
4,12,0,28,1,5,3,4,2,34,3,2,1,1,1,0,0,1,0,0,1,0,0,1,1,0,0.20927899521008192,Aprobado automatico
4,24,2,27,1,5,3,4,3,35,3,1,1,2,1,0,1,1,0,0,1,0,0,0,1,0,0.038737883941700614,Aprobado automatico
1,24,2,48,1,4,3,3,2,31,3,1,1,2,1,1,0,0,1,0,1,0,0,1,2,1,0.5436808552763115,Revision manual
4,24,2,27,1,2,2,1,4,29,3,1,1,2,1,0,1,1,0,0,1,0,0,0,1,0,0.1161246252661682,Aprobado automatico
1,11,4,39,1,3,3,2,1,36,3,2,2,1,1,1,0,1,0,1,0,0,0,1,1,0,0.5386350529232214,Revision manual
1,12,2,34,1,5,3,4,4,35,3,1,1,2,1,0,1,1,0,0,0,0,0,1,2,1,0.0992006911990192,Aprobado automatico
1,6,2,3,1,2,2,1,1,27,3,1,1,1,1,0,0,1,0,0,1,0,0,1,1,0,0.42324563839606894,Revision manual
4,18,2,46,1,2,3,2,3,32,3,1,1,2,1,0,0,1,0,0,1,0,0,1,1,0,0.17916996866689527,Aprobado automatico
1,36,2,36,1,3,3,2,2,37,3,1,2,1,1,0,0,0,0,0,1,0,0,1,1,0,0.4065597000236898,Revision manual
1,15,2,17,1,2,3,3,1,36,3,1,1,1,1,1,0,1,0,0,1,0,0,1,1,0,0.6795740545748138,Rechazado
2,12,2,30,1,2,2,1,1,34,3,1,1,1,1,0,0,1,0,1,0,0,0,0,1,0,0.4008125636404434,Revision manual
2,12,2,8,5,5,3,4,2,38,3,2,1,1,1,0,0,1,0,0,1,0,0,1,1,0,0.12930094934857506,Aprobado automatico
4,18,2,20,1,4,3,1,3,34,2,2,1,2,1,0,0,1,0,0,1,0,0,1,1,0,0.16897470653103666,Aprobado automatico
1,24,2,29,1,3,3,4,4,63,1,1,2,2,1,0,1,0,0,0,1,0,0,1,1,0,0.27374272019606966,Aprobado automatico
1,24,3,17,1,2,2,2,3,29,3,1,1,2,1,0,0,1,0,1,0,0,1,0,2,1,0.5687636746481916,Rechazado
4,48,3,72,5,5,3,3,3,32,1,2,2,1,1,0,0,1,0,0,1,0,0,1,1,0,0.3585177182668177,Aprobado automatico
4,33,3,28,1,3,2,2,3,26,3,2,1,2,1,0,0,1,0,0,1,0,0,1,1,0,0.20958262050620258,Aprobado automatico
4,24,3,47,1,4,3,3,3,35,3,2,1,2,1,0,1,1,0,0,1,0,1,0,1,0,0.05770980156732014,Aprobado automatico
2,24,2,31,2,2,4,2,3,22,3,1,1,2,1,0,0,1,0,1,0,0,0,1,2,1,0.4058174615125284,Revision manual
1,6,2,4,1,2,2,4,2,23,3,1,1,1,1,0,0,1,0,0,1,0,0,1,2,1,0.4394198819128255,Revision manual
1,9,2,7,1,3,3,3,3,28,3,1,1,1,1,1,0,1,0,0,1,0,1,0,2,1,0.6175015820126922,Rechazado
4,6,2,12,5,1,3,4,2,36,3,1,2,2,1,0,0,1,0,0,1,0,0,0,1,0,0.041314350768350126,Aprobado automatico
2,18,4,12,1,3,4,2,3,33,3,1,1,1,1,0,0,1,0,0,1,0,0,1,2,1,0.18601510993018788,Aprobado automatico
1,18,0,31,1,2,2,4,2,26,3,1,1,1,1,0,0,1,0,1,0,0,0,1,2,1,0.8381809031132772,Rechazado
4,39,2,26,3,3,3,4,3,24,3,1,1,1,1,0,1,1,0,0,1,0,0,1,1,0,0.14699534450400195,Aprobado automatico
3,24,2,52,1,4,3,2,3,25,1,1,1,1,1,0,0,1,0,0,1,0,0,1,1,0,0.48917532173024636,Revision manual
2,12,2,10,2,4,3,4,1,39,3,1,1,1,1,0,0,1,0,0,1,0,1,0,1,0,0.18643530000899694,Aprobado automatico
1,15,4,15,1,5,3,4,3,44,3,2,2,2,1,0,0,1,0,0,1,0,0,1,1,0,0.18282981516218477,Aprobado automatico
2,12,4,36,1,3,2,1,1,23,3,1,1,1,1,0,0,1,0,0,1,0,1,0,1,0,0.1686026276169253,Aprobado automatico
2,24,2,12,1,2,3,1,2,26,3,1,1,1,1,1,0,1,0,0,1,0,0,1,1,0,0.6728806498191958,Rechazado
1,30,2,36,4,5,2,4,2,57,3,2,1,2,1,0,0,1,0,1,0,0,0,1,1,0,0.48853729420796554,Revision manual
4,15,3,10,4,4,2,2,2,30,3,2,1,1,1,0,0,1,0,0,1,0,0,1,1,0,0.06276913749858781,Aprobado automatico
4,12,4,12,3,3,3,4,1,44,3,1,1,2,1,1,0,1,0,0,1,0,0,1,1,0,0.045546878153671484,Aprobado automatico
2,6,3,12,1,1,3,4,2,47,3,1,1,2,1,1,0,1,0,0,1,0,0,0,2,1,0.27815275115120736,Aprobado automatico
4,12,2,31,1,3,3,4,3,52,3,1,1,2,1,0,0,1,0,0,1,0,0,1,1,0,0.11437228752571703,Aprobado automatico
4,24,2,38,1,5,2,4,4,62,3,1,1,2,1,1,0,0,1,0,0,0,0,1,1,0,0.14594983289302413,Aprobado automatico
4,10,2,14,2,3,3,2,1,35,3,1,1,1,2,1,0,1,0,1,0,0,1,0,1,0,0.09027347158213996,Aprobado automatico
4,6,2,35,1,3,3,3,2,26,3,1,1,1,1,1,0,0,0,1,0,0,0,1,1,0,0.07658694441380397,Aprobado automatico
4,12,4,19,1,5,3,2,4,26,3,2,1,1,1,0,0,1,0,0,1,0,0,1,1,0,0.0571747506404745,Aprobado automatico
2,27,0,83,1,5,2,4,4,42,3,2,1,2,1,0,0,1,0,0,0,0,0,0,2,1,0.49359775629147645,Revision manual
4,6,4,12,2,3,2,1,2,27,3,2,1,1,1,0,0,1,0,0,1,0,0,1,1,0,0.051731053530270514,Aprobado automatico
2,6,2,4,5,5,3,4,2,38,3,1,1,1,1,0,0,1,0,0,1,0,0,1,1,0,0.08488513874661398,Aprobado automatico
1,12,4,21,1,3,3,2,1,39,3,2,2,1,2,1,0,1,0,1,0,0,1,0,1,0,0.28796630869132805,Aprobado automatico
1,24,2,30,5,3,4,4,3,20,3,1,1,1,1,0,0,1,0,0,1,0,0,1,2,1,0.3725143020948791,Aprobado automatico
2,36,2,90,2,2,3,1,4,29,3,1,1,2,1,0,0,0,1,1,0,0,0,0,2,1,0.5800537661089719,Rechazado
4,24,4,16,1,4,3,3,2,40,3,2,1,1,1,0,0,1,0,0,1,0,0,1,1,0,0.08733064186337762,Aprobado automatico
2,18,2,13,1,5,4,2,1,32,3,1,1,1,1,0,0,0,0,0,1,0,1,0,1,0,0.05378810630116353,Aprobado automatico
3,6,4,13,2,5,1,4,3,28,3,2,2,2,1,1,0,1,0,0,1,0,0,1,1,0,0.1064504013963628,Aprobado automatico
1,24,2,31,1,2,2,1,2,27,3,1,1,1,1,1,0,1,0,0,1,0,0,1,2,1,0.8333937855060732,Rechazado
1,36,2,55,1,5,3,4,4,42,3,1,2,1,1,0,1,1,0,0,0,0,0,1,1,0,0.3887382618154872,Aprobado automatico
3,9,2,11,2,5,1,4,1,49,3,1,1,1,1,0,0,1,0,0,1,0,0,1,1,0,0.12676682631700714,Aprobado automatico
2,24,4,12,2,2,3,4,4,38,1,2,2,1,1,0,0,1,0,0,1,0,0,1,2,1,0.5445431803740742,Revision manual
1,24,2,12,1,2,2,4,2,24,3,1,1,1,1,1,0,1,0,1,0,0,0,1,2,1,0.84194227234278,Rechazado
4,10,2,13,5,3,3,4,2,27,3,1,1,1,1,1,0,0,0,0,1,0,1,0,2,1,0.029473155057022735,Aprobado automatico
3,15,4,24,3,3,3,2,3,36,3,1,1,2,1,0,1,1,0,0,1,0,0,1,1,0,0.03064170652756862,Aprobado automatico
2,15,1,68,2,1,3,2,2,34,3,1,2,2,1,1,0,1,0,0,1,0,0,0,2,1,0.6317272005393582,Rechazado
4,24,2,14,1,3,4,2,2,28,3,1,1,1,1,0,0,1,0,0,1,0,0,1,1,0,0.16040382321196198,Aprobado automatico
4,39,2,86,2,5,3,2,3,45,3,1,1,2,1,0,1,1,0,0,1,0,0,0,1,0,0.09486360642959932,Aprobado automatico
1,12,2,8,1,4,3,2,1,26,3,1,1,1,1,1,0,1,0,0,1,0,0,1,2,1,0.5079977534138587,Revision manual
4,36,2,47,1,3,3,2,4,32,3,1,1,2,1,0,1,1,0,0,0,0,0,0,1,0,0.07371614679374489,Aprobado automatico
3,15,2,27,1,4,3,4,2,26,3,1,1,2,1,0,0,1,0,1,0,0,0,1,1,0,0.1555194186650424,Aprobado automatico
2,12,3,6,1,3,4,4,1,20,3,2,1,1,1,0,0,0,1,1,0,0,0,1,1,0,0.15375860854162823,Aprobado automatico
4,24,2,23,5,2,3,1,2,54,3,1,1,1,1,1,0,1,0,0,1,0,0,1,1,0,0.2944198508263375,Aprobado automatico
1,6,4,6,1,4,2,3,2,37,3,2,1,1,2,1,0,1,0,0,1,0,0,1,1,0,0.17826675875648545,Aprobado automatico
1,6,4,14,1,2,3,4,1,40,3,1,2,1,2,1,0,1,0,0,1,0,1,0,1,0,0.18381216141927587,Aprobado automatico
4,36,4,71,1,2,2,4,2,23,3,2,1,2,1,0,0,1,0,1,0,0,0,1,2,1,0.24803643918684082,Aprobado automatico
1,6,2,12,2,5,3,2,2,43,3,1,1,2,1,1,0,1,0,0,1,0,0,1,1,0,0.3111376466158637,Aprobado automatico
4,6,4,7,5,5,3,4,4,36,3,2,1,1,1,0,0,1,0,0,0,0,0,1,1,0,0.010644690506585869,Aprobado automatico
4,24,4,55,1,5,3,4,4,44,3,2,1,1,1,0,0,1,0,0,0,0,0,1,1,0,0.06386124357409848,Aprobado automatico
1,18,2,32,1,3,2,2,1,24,3,1,1,1,1,0,0,1,0,0,1,0,0,1,2,1,0.5213022473559344,Revision manual
1,48,0,71,1,3,3,4,4,53,3,2,2,1,1,0,0,1,0,0,0,0,0,1,2,1,0.9293352176606023,Rechazado
4,24,2,35,2,4,2,4,3,23,3,1,1,1,1,0,1,1,0,0,1,0,0,1,1,0,0.09719366173821914,Aprobado automatico
2,18,2,11,1,3,2,4,1,26,3,1,2,1,1,0,0,0,0,0,1,0,1,0,1,0,0.11917205902667895,Aprobado automatico
2,26,2,80,1,2,3,3,3,30,3,2,1,1,1,0,1,1,0,0,1,0,0,1,1,0,0.5001260166402611,Revision manual
4,15,4,15,2,3,2,3,3,31,3,1,1,1,1,0,0,1,0,0,1,0,0,1,1,0,0.07310198425152056,Aprobado automatico
4,4,4,15,1,4,3,1,1,42,3,2,2,1,1,0,0,1,0,0,1,0,1,0,1,0,0.037132249841317716,Aprobado automatico
1,36,2,23,1,3,1,4,3,31,3,1,1,1,1,0,0,1,0,1,0,0,0,1,2,1,0.8392230046167808,Rechazado
1,6,2,7,1,2,3,4,1,41,3,1,2,2,1,1,0,1,0,0,1,0,1,0,1,0,0.4792795275188761,Revision manual
2,36,2,23,1,4,3,1,3,32,3,2,2,1,1,0,0,1,0,0,1,0,0,1,1,0,0.6244711102066461,Rechazado
2,15,2,26,2,3,2,4,3,28,3,2,1,2,1,1,0,1,0,1,0,0,0,1,2,1,0.5762364384390695,Rechazado
4,12,3,15,1,3,4,4,1,41,3,1,1,1,1,0,1,1,0,1,0,0,0,1,1,0,0.03772954774852047,Aprobado automatico
4,24,2,13,2,4,4,3,2,26,3,1,1,2,1,0,0,1,0,0,1,0,0,1,1,0,0.0695897922319872,Aprobado automatico
4,24,2,31,5,2,3,2,3,25,3,2,1,1,1,0,0,1,0,0,1,0,0,1,1,0,0.18571227137665297,Aprobado automatico
3,21,4,23,1,2,1,1,3,33,3,1,1,1,1,0,0,1,0,1,0,0,0,1,2,1,0.33900152139603007,Aprobado automatico
1,6,2,14,5,1,2,3,2,75,3,1,1,2,1,1,0,1,0,0,1,0,0,0,1,0,0.44360392855497016,Revision manual
2,18,4,36,1,5,2,4,2,37,3,1,1,2,1,0,0,1,0,0,1,0,0,1,1,0,0.10928037602982661,Aprobado automatico
1,48,2,78,1,5,3,4,4,42,1,1,1,1,1,1,0,1,0,0,0,0,0,0,2,1,0.8900623913756823,Rechazado
3,18,2,30,1,2,2,1,2,45,2,1,1,1,1,0,0,1,0,0,1,0,1,0,1,0,0.4725150438526518,Revision manual
2,12,2,15,1,2,4,1,1,23,3,1,1,1,1,0,0,1,0,1,0,0,0,1,2,1,0.3354903371516694,Aprobado automatico
4,24,3,20,1,5,3,4,4,60,3,2,1,2,1,1,0,1,0,0,0,0,0,1,1,0,0.11843718067708325,Aprobado automatico
1,30,2,64,5,5,3,4,2,31,3,1,1,1,1,0,0,1,0,0,1,0,0,1,2,1,0.3875570089752054,Aprobado automatico
3,18,2,29,1,3,3,1,1,34,3,1,2,1,1,0,0,1,0,0,1,0,1,0,2,1,0.2505103902282342,Aprobado automatico
4,12,4,13,1,5,3,4,1,61,3,2,1,1,1,1,0,1,0,0,1,0,1,0,1,0,0.08145155729338144,Aprobado automatico
1,24,3,13,1,1,3,2,1,43,3,2,2,1,1,1,0,1,0,0,0,0,0,1,2,1,0.6421373794594916,Rechazado
4,24,4,20,1,3,2,4,3,37,3,1,1,2,1,1,0,1,0,0,1,0,0,1,1,0,0.16840539555450704,Aprobado automatico
4,24,2,16,1,4,3,1,3,32,1,1,2,1,1,0,0,1,0,0,1,0,0,1,1,0,0.3393286019721302,Aprobado automatico
1,12,1,6,1,3,2,4,1,24,1,1,1,1,1,0,0,1,0,0,1,0,1,0,2,1,0.6790103894314562,Rechazado
4,48,4,89,5,4,3,1,4,35,3,2,1,2,1,0,1,1,0,0,0,0,0,1,1,0,0.043253929554377034,Aprobado automatico
4,12,4,10,5,4,2,4,1,23,3,2,1,1,1,0,0,1,0,0,1,0,0,1,1,0,0.022941860772462113,Aprobado automatico
4,6,1,18,3,5,3,4,2,45,1,1,2,1,1,0,0,1,0,0,1,0,1,0,1,0,0.14270701059995594,Aprobado automatico
1,48,2,70,1,4,4,1,1,34,3,2,1,2,1,0,0,0,0,0,1,0,0,1,2,1,0.34858975950675547,Aprobado automatico
2,12,4,20,2,2,3,1,3,27,3,1,1,1,1,1,0,1,0,0,1,0,0,1,1,0,0.3454971088576453,Aprobado automatico
2,9,2,12,1,4,2,4,2,67,3,2,1,2,1,0,0,1,0,0,1,0,0,0,1,0,0.19981571554742592,Aprobado automatico
2,12,2,13,1,2,3,1,3,22,2,1,1,1,1,0,0,1,0,0,1,0,0,1,2,1,0.48068456894663336,Revision manual
2,18,0,23,2,2,2,3,3,28,3,2,1,1,1,1,0,1,0,0,1,0,0,1,2,1,0.8532461884971309,Rechazado
4,21,0,50,5,3,2,4,2,29,1,2,1,2,1,1,0,1,0,0,1,0,0,1,2,1,0.5434745361466584,Revision manual
1,24,1,36,1,4,3,4,3,27,1,1,1,1,1,0,0,1,0,0,1,0,0,1,2,1,0.8005817434873052,Rechazado
2,18,4,19,1,2,3,2,1,31,3,2,1,1,1,0,0,1,0,0,1,0,1,0,2,1,0.23494585705216295,Aprobado automatico
1,24,2,30,5,5,3,4,4,49,1,1,2,2,1,0,1,1,0,0,0,0,0,1,1,0,0.17501541475971638,Aprobado automatico
1,24,1,15,1,4,3,4,3,24,1,1,1,1,1,0,0,0,0,1,0,0,1,0,2,1,0.527110023540287,Revision manual
3,6,3,7,1,2,2,1,2,29,1,1,1,1,1,0,0,1,0,0,1,0,0,1,1,0,0.2760984882934749,Aprobado automatico
2,36,2,124,5,3,3,4,4,37,3,1,1,2,1,1,0,1,0,0,0,0,0,1,2,1,0.537104361400397,Revision manual
2,24,3,47,5,3,3,2,2,37,1,2,1,2,1,0,0,1,0,0,1,0,0,0,1,0,0.25233298234516055,Aprobado automatico
2,24,3,16,2,4,2,2,2,23,3,2,1,2,1,0,0,1,0,1,0,0,0,1,1,0,0.26905478740174915,Aprobado automatico
1,12,2,14,1,4,1,3,3,36,3,1,1,1,1,1,0,1,0,0,1,0,0,1,2,1,0.7049066080387654,Rechazado
4,24,4,26,4,5,3,2,3,34,3,1,1,1,1,0,0,1,0,0,1,0,0,1,1,0,0.04340172338593676,Aprobado automatico
2,48,2,40,5,4,3,1,3,41,3,2,2,2,1,0,0,1,0,0,1,0,0,1,1,0,0.503442853593148,Revision manual
1,48,2,68,1,3,2,2,3,31,3,1,1,2,1,0,0,1,0,0,1,0,0,1,2,1,0.8257201136411448,Rechazado
1,24,2,32,1,2,2,4,1,23,3,1,1,2,1,0,0,1,0,1,0,0,1,0,2,1,0.586576140667987,Rechazado
4,30,4,60,1,4,3,2,3,38,3,1,1,1,1,0,0,0,1,0,1,0,0,1,1,0,0.10391992349910939,Aprobado automatico
4,24,2,54,5,1,2,4,2,26,3,1,1,2,1,0,1,1,0,1,0,0,0,0,1,0,0.07416281622408902,Aprobado automatico
1,15,2,8,1,3,2,4,2,22,3,1,1,1,1,0,0,1,0,0,1,0,1,0,1,0,0.4765684715750463,Revision manual
2,9,2,11,1,5,3,4,3,27,3,2,1,1,1,0,0,1,0,0,1,0,1,0,1,0,0.23122605133043223,Aprobado automatico
4,15,4,28,1,4,2,3,3,24,1,2,1,1,1,0,0,0,1,0,1,0,0,1,1,0,0.11593531842874996,Aprobado automatico
2,12,2,29,1,4,2,1,1,27,3,1,1,1,1,0,0,1,0,0,1,0,0,1,1,0,0.27763979322065163,Aprobado automatico
4,24,4,19,5,3,2,2,3,33,3,2,1,2,1,0,0,1,0,0,1,0,0,1,1,0,0.05247626927926651,Aprobado automatico
2,36,4,28,1,2,1,4,3,27,3,2,1,1,1,1,0,1,0,0,1,0,0,1,2,1,0.7557180424797931,Rechazado
4,24,2,9,1,2,4,3,3,27,3,2,1,1,1,0,0,1,0,0,1,0,1,0,1,0,0.24657621787897294,Aprobado automatico
2,18,4,11,1,5,3,3,1,30,1,2,1,1,1,1,0,0,0,0,1,0,0,1,2,1,0.12716923374889905,Aprobado automatico
2,12,4,31,1,2,3,3,1,49,1,2,2,1,1,1,0,1,0,0,1,0,1,0,1,0,0.5737160149499306,Rechazado
4,9,2,14,1,3,2,2,1,26,3,1,1,1,1,0,0,1,0,1,0,0,0,1,1,0,0.141168289694027,Aprobado automatico
2,36,2,24,1,2,3,1,4,33,3,1,1,1,1,0,0,1,0,1,0,0,1,0,2,1,0.7712762200817408,Rechazado
4,12,2,21,5,5,2,4,4,52,3,1,1,2,1,1,0,1,0,0,0,0,0,0,1,0,0.042098343926301816,Aprobado automatico
1,18,2,20,1,3,2,4,1,20,1,1,1,1,1,0,0,1,0,1,0,0,0,1,2,1,0.7149456493276864,Rechazado
1,9,4,28,1,3,3,2,1,36,3,2,2,1,1,1,0,1,0,1,0,0,0,1,1,0,0.5004799729470338,Revision manual
1,12,2,13,1,3,3,1,2,21,3,1,1,1,1,0,0,0,0,0,1,0,1,0,1,0,0.15108634660869577,Aprobado automatico
1,18,2,12,1,3,4,3,1,47,3,1,1,2,1,0,0,1,0,0,1,0,1,0,2,1,0.3143834429280513,Aprobado automatico
1,12,4,22,1,5,3,3,2,60,3,2,1,1,1,0,0,1,0,0,1,0,0,1,2,1,0.2231093031961943,Aprobado automatico
1,12,4,4,1,4,2,3,1,58,3,4,1,2,1,0,0,1,0,0,1,0,1,0,1,0,0.23266222746790025,Aprobado automatico
2,24,3,20,5,3,2,4,3,42,3,2,1,2,1,1,0,1,0,1,0,0,0,1,1,0,0.44261908908565345,Revision manual
4,21,2,16,4,5,2,4,1,36,1,1,1,1,1,0,0,1,0,0,1,0,1,0,1,0,0.13004724939376824,Aprobado automatico
2,24,2,27,1,3,2,4,2,20,3,1,1,2,1,1,0,1,0,1,0,0,1,0,2,1,0.6116547089044375,Rechazado
1,24,1,14,5,5,3,3,3,40,2,1,1,2,1,0,0,1,0,0,1,0,0,0,2,1,0.3335989647141657,Aprobado automatico
2,6,1,9,2,2,2,1,2,32,2,1,1,1,1,1,0,1,0,0,1,0,1,0,2,1,0.6844935989541799,Rechazado
1,24,2,14,1,4,2,4,3,23,3,2,1,1,1,1,0,1,0,1,0,0,0,1,2,1,0.824376629593497,Rechazado
2,24,0,42,1,3,3,4,1,36,3,3,1,2,1,0,0,1,0,0,1,0,1,0,2,1,0.612387172522107,Rechazado
4,18,4,28,1,4,3,2,2,31,1,2,1,1,1,1,0,1,0,0,1,0,0,1,2,1,0.25511131698028605,Aprobado automatico
4,24,3,39,1,3,3,2,4,32,3,1,1,1,1,0,0,1,0,0,0,0,0,1,1,0,0.11483374207116111,Aprobado automatico
2,7,2,23,1,2,2,1,1,45,3,1,1,1,1,0,0,0,0,0,1,0,0,1,1,0,0.11876486373365629,Aprobado automatico
2,9,2,9,1,3,2,1,2,30,3,1,1,1,1,0,0,1,0,0,1,0,0,1,2,1,0.31937792527082554,Aprobado automatico
2,24,1,18,1,4,2,4,4,34,1,1,1,1,1,0,0,1,0,0,0,0,1,0,2,1,0.6122781690845053,Rechazado
4,36,2,33,1,3,2,2,3,28,3,1,1,2,1,0,0,1,0,0,1,0,0,0,2,1,0.23486239625723318,Aprobado automatico
3,10,2,13,1,2,2,2,2,23,3,1,1,1,1,0,0,1,0,0,1,0,0,1,1,0,0.25265311225181114,Aprobado automatico
1,24,1,28,3,3,3,4,1,22,2,1,1,2,1,0,0,1,0,0,1,0,0,1,1,0,0.5061762862933419,Revision manual
4,24,4,45,1,3,3,2,1,74,3,1,1,2,1,0,0,1,0,0,1,0,0,0,1,0,0.058851279951990576,Aprobado automatico
2,36,2,27,2,3,2,4,4,50,3,1,1,1,1,0,0,0,1,0,0,0,0,1,2,1,0.4311823306921472,Revision manual
4,18,2,21,1,2,3,1,1,33,3,1,1,1,1,0,0,1,0,0,1,0,0,1,1,0,0.17687986134356307,Aprobado automatico
4,15,2,13,5,5,3,4,4,45,1,1,2,1,1,0,1,1,0,0,0,0,0,1,1,0,0.035243434699536905,Aprobado automatico
1,12,2,7,2,1,2,3,2,22,3,1,1,1,1,0,0,1,0,0,1,0,0,1,2,1,0.5318922579158464,Revision manual
3,10,2,12,2,5,2,4,4,48,3,1,2,1,1,1,0,1,0,0,0,0,1,0,2,1,0.20269189700835255,Aprobado automatico
1,21,2,34,4,2,2,2,3,29,1,1,1,1,1,0,0,1,0,0,1,0,0,1,1,0,0.7379186107849139,Rechazado
1,24,1,36,1,3,2,4,3,22,1,1,1,1,2,0,1,0,0,1,0,0,0,1,1,0,0.2527668489253274,Aprobado automatico
4,18,3,18,1,4,2,1,1,22,3,1,1,1,1,0,0,1,0,0,1,0,0,1,2,1,0.08520336482634253,Aprobado automatico
2,48,0,122,5,3,3,2,3,48,1,1,1,2,1,0,0,1,0,0,1,0,0,0,1,0,0.8601986943815196,Rechazado
2,60,3,92,5,3,3,2,4,27,3,1,1,1,1,0,0,1,0,0,0,0,0,0,1,0,0.48135379428577996,Revision manual
1,6,4,37,1,3,3,3,1,37,3,3,2,1,1,1,0,1,0,1,0,0,0,1,1,0,0.5218657924116783,Revision manual
2,30,2,34,2,3,2,4,3,21,3,1,1,1,1,0,0,0,1,1,0,0,0,1,2,1,0.5242229736799686,Revision manual
4,12,2,6,1,3,1,2,1,49,3,1,1,1,1,1,0,1,0,0,1,0,1,0,1,0,0.29430029078992914,Aprobado automatico
2,21,4,37,1,4,3,3,2,27,3,2,1,1,1,0,0,1,0,0,1,0,0,1,1,0,0.21265963364995896,Aprobado automatico
4,18,4,15,1,3,3,2,2,32,1,2,1,1,1,1,0,1,0,0,1,0,0,1,2,1,0.29033696374944185,Aprobado automatico
4,48,2,39,5,3,1,2,1,38,1,1,1,1,1,0,0,1,0,0,1,0,0,1,2,1,0.5037341485640211,Revision manual
1,12,2,19,1,2,2,1,3,22,3,1,1,1,1,0,0,1,0,1,0,0,0,1,1,0,0.660261761690711,Rechazado
1,18,2,26,1,3,3,4,4,65,3,2,1,1,1,0,0,1,0,0,0,0,0,1,2,1,0.5279781386127489,Revision manual
4,15,2,20,5,5,3,2,3,35,3,1,1,1,1,0,0,1,0,0,1,0,0,1,1,0,0.057341525023988475,Aprobado automatico
3,6,2,21,1,3,3,2,1,41,3,1,1,2,1,0,0,1,0,0,1,0,0,1,1,0,0.10191524045252755,Aprobado automatico
2,9,1,14,2,4,3,3,4,29,3,1,1,1,1,1,0,1,0,0,1,0,0,1,2,1,0.5422614156972297,Revision manual
4,42,4,40,3,3,3,4,1,36,3,2,1,2,1,0,0,1,0,0,1,0,0,1,1,0,0.09715998462475417,Aprobado automatico
4,9,2,38,5,5,3,4,1,64,3,1,1,1,1,0,0,1,0,0,1,0,1,0,1,0,0.0397040812895641,Aprobado automatico
1,24,2,37,1,3,2,4,3,28,3,1,1,1,1,0,0,1,0,0,1,0,0,1,1,0,0.6686334258584048,Rechazado
1,18,1,16,1,3,3,3,3,44,1,1,1,1,1,0,0,1,0,0,1,0,0,1,2,1,0.8030814800136518,Rechazado
2,15,2,14,5,2,3,1,2,23,3,1,1,1,1,0,0,1,0,0,1,0,0,1,1,0,0.23337913634865046,Aprobado automatico
4,9,2,20,1,2,2,2,3,19,3,2,1,1,1,0,0,0,1,1,0,0,0,1,2,1,0.20327110272648655,Aprobado automatico
2,24,2,14,1,2,2,4,3,25,3,1,1,2,1,1,0,1,0,0,1,0,1,0,2,1,0.6339543279404601,Rechazado
4,12,2,14,1,5,3,4,2,47,1,3,2,2,1,0,0,1,0,0,1,0,0,1,1,0,0.1538442576557406,Aprobado automatico
4,24,2,14,3,4,2,1,3,28,3,1,1,1,1,0,0,1,0,0,1,0,0,1,1,0,0.1611893038036045,Aprobado automatico
4,60,3,157,1,4,3,4,3,21,3,2,1,2,1,0,0,1,0,0,1,0,0,1,1,0,0.5180930171443618,Revision manual
4,12,2,15,1,2,2,3,3,34,3,1,2,1,1,0,0,1,0,0,1,0,0,1,1,0,0.22328103550378897,Aprobado automatico
1,42,3,44,1,4,3,2,2,26,1,2,2,2,1,0,0,1,0,0,1,0,0,1,2,1,0.732814059806033,Rechazado
1,18,2,8,1,1,2,1,1,27,3,1,1,1,1,0,0,1,0,0,1,1,0,0,2,1,0.44102544368910357,Revision manual
2,15,2,13,1,5,3,4,3,38,3,2,1,1,1,0,0,1,0,0,1,0,1,0,1,0,0.29869330527338767,Aprobado automatico
4,15,2,46,2,3,3,2,2,40,3,1,1,2,1,0,0,1,0,0,1,0,0,0,2,1,0.0761393232121261,Aprobado automatico
4,24,4,19,1,4,4,2,3,33,3,2,1,2,1,0,0,0,0,0,1,0,0,1,1,0,0.014190183319658154,Aprobado automatico
1,18,4,19,1,4,4,1,2,32,3,2,1,2,1,0,0,1,0,0,1,0,0,0,1,0,0.13777545544924713,Aprobado automatico
4,36,3,80,5,2,3,4,3,27,3,2,1,2,1,0,0,1,0,1,0,0,0,1,2,1,0.21002671545758822,Aprobado automatico
1,30,0,46,1,3,1,2,1,32,3,2,1,1,1,0,0,0,0,0,1,0,0,1,1,0,0.648214651791823,Rechazado
4,12,2,14,3,3,2,2,2,26,3,1,1,1,1,1,0,1,0,0,1,0,0,1,2,1,0.20463000030966486,Aprobado automatico
3,24,2,9,1,4,3,3,4,38,1,1,2,1,1,1,0,1,0,0,0,0,0,1,2,1,0.5311456056429881,Revision manual
1,12,2,7,1,3,3,4,3,40,3,1,2,1,1,0,0,1,0,1,0,0,1,0,2,1,0.5601271031001877,Rechazado
1,48,2,75,1,4,3,1,4,50,3,1,1,2,1,0,0,1,0,0,0,0,0,0,1,0,0.6268145676951692,Rechazado
2,12,2,19,1,3,3,2,2,37,3,1,1,1,1,0,0,1,0,0,1,0,1,0,2,1,0.3184477684038845,Aprobado automatico
1,24,2,23,1,5,3,1,1,45,3,1,1,1,1,1,0,0,1,0,1,0,0,1,2,1,0.5525375808710414,Rechazado
2,36,3,81,2,5,3,4,3,42,3,4,1,2,1,1,0,1,0,0,1,0,0,0,2,1,0.5722880045629465,Rechazado
4,24,4,23,1,4,3,3,3,35,3,2,1,2,1,0,1,1,0,0,1,0,0,1,1,0,0.03309658957717863,Aprobado automatico
1,14,2,40,1,1,3,4,4,22,3,1,1,1,1,1,0,1,0,0,0,0,0,1,1,0,0.6961786194382434,Rechazado
2,12,2,9,1,5,3,4,3,41,1,1,2,1,1,1,0,1,0,0,1,0,1,0,2,1,0.5988349929871493,Rechazado
4,48,2,102,5,4,3,3,3,37,2,1,1,2,1,0,0,1,0,0,1,0,0,1,1,0,0.3214223867354522,Aprobado automatico
2,30,0,42,1,3,2,1,3,28,3,2,1,1,1,0,0,1,0,0,1,0,0,1,1,0,0.8320301038846479,Rechazado
2,18,4,64,1,5,3,1,4,41,3,1,1,2,1,0,0,1,0,0,1,0,0,1,1,0,0.16099461420613606,Aprobado automatico
3,12,2,13,1,3,4,4,1,23,3,1,1,1,1,0,0,1,0,1,0,0,0,1,1,0,0.16756089382529127,Aprobado automatico
1,12,2,9,5,3,4,2,3,23,3,1,1,1,1,1,0,1,0,0,1,0,0,1,2,1,0.42627312348579527,Revision manual
4,21,2,22,1,5,3,2,1,50,3,2,1,1,1,0,0,1,0,0,1,0,0,1,1,0,0.1327233657385029,Aprobado automatico
2,6,3,10,1,1,3,1,2,35,2,2,1,2,1,0,0,1,0,0,1,0,0,0,1,0,0.2305591787893559,Aprobado automatico
3,6,4,10,1,3,2,4,2,50,3,1,1,1,1,0,0,1,0,0,1,0,1,0,1,0,0.0906620934270622,Aprobado automatico
4,24,4,63,1,1,3,2,4,27,1,2,1,2,1,0,0,0,1,0,1,0,0,0,1,0,0.1978852465819307,Aprobado automatico
2,30,1,35,4,3,3,2,3,34,2,1,2,2,1,0,0,1,0,0,1,0,0,1,1,0,0.5414384064963533,Revision manual
4,48,1,36,1,3,2,1,1,27,2,1,1,1,1,0,0,1,0,0,1,0,0,1,1,0,0.6380461245087974,Rechazado
1,12,4,48,1,5,3,4,2,43,3,2,1,2,1,1,0,0,1,1,0,0,0,1,2,1,0.27667504288450906,Aprobado automatico
3,30,4,30,1,5,3,4,2,47,3,1,1,1,1,0,0,1,0,0,1,0,0,1,1,0,0.13531585493877252,Aprobado automatico
4,24,4,41,2,3,3,3,2,27,3,2,1,2,1,0,0,1,0,0,1,0,1,0,1,0,0.06393875327397056,Aprobado automatico
4,36,2,57,2,4,3,2,3,31,3,2,1,2,1,0,0,1,0,0,1,0,0,1,1,0,0.2361944674488177,Aprobado automatico
4,60,2,104,1,5,3,4,2,42,3,1,1,2,1,1,0,1,0,0,1,0,0,0,1,0,0.5571896087486164,Rechazado
4,6,4,21,3,3,4,2,3,24,3,1,1,1,1,1,0,1,0,0,1,0,0,1,1,0,0.06252295709373552,Aprobado automatico
4,21,3,26,3,2,3,2,1,41,1,1,2,1,1,0,0,1,0,0,1,0,1,0,2,1,0.20005415328375914,Aprobado automatico
4,30,4,45,1,4,2,4,3,26,3,1,1,2,1,0,0,1,0,1,0,0,0,0,1,0,0.09133283625901775,Aprobado automatico
4,24,4,52,1,5,3,4,3,33,3,1,1,2,1,0,0,1,0,0,1,0,0,1,1,0,0.05110216824934485,Aprobado automatico
2,72,2,56,2,3,4,2,3,24,3,1,1,1,1,0,0,1,0,0,1,0,0,1,2,1,0.8562994053122822,Rechazado
1,24,2,24,1,5,3,4,1,64,1,1,1,1,1,0,0,1,0,1,0,0,1,0,1,0,0.6890601520978517,Rechazado
4,18,2,15,1,2,2,1,1,26,3,1,1,1,1,0,0,1,0,0,1,0,0,1,1,0,0.19476389274977968,Aprobado automatico
4,6,2,15,1,2,2,2,4,56,3,1,1,1,1,0,0,1,0,0,1,0,0,1,1,0,0.2270764784005328,Aprobado automatico
4,12,2,23,5,3,3,4,4,37,3,1,1,2,1,0,0,1,0,0,0,0,0,1,1,0,0.03167266224807381,Aprobado automatico
4,15,3,15,1,3,4,3,1,33,1,2,1,1,1,0,0,1,0,0,1,0,0,1,1,0,0.145166770500397,Aprobado automatico
4,24,4,51,1,2,4,3,4,47,3,3,1,2,1,0,0,1,0,0,0,0,0,1,1,0,0.08439057227332232,Aprobado automatico
2,36,3,99,2,4,3,3,2,31,3,2,2,2,1,0,0,1,0,0,1,0,1,0,1,0,0.40650501433570585,Revision manual
4,60,2,65,5,3,3,4,4,34,3,1,2,2,1,1,0,1,0,0,0,0,0,1,1,0,0.44149511056431995,Revision manual
3,10,4,13,5,4,3,2,2,27,3,2,1,2,1,0,0,1,0,0,1,0,0,1,1,0,0.025459996729282206,Aprobado automatico
2,36,3,29,2,5,3,3,4,30,3,1,1,1,1,1,0,1,0,0,0,0,0,1,1,0,0.40499691002252575,Revision manual
4,9,2,28,2,5,3,4,3,35,3,1,1,2,1,0,0,0,1,0,1,0,0,1,1,0,0.03440767793974742,Aprobado automatico
1,12,2,37,4,3,3,3,2,31,3,1,2,1,1,1,0,1,0,0,1,0,0,1,1,0,0.5441193495844051,Revision manual
1,15,4,10,1,3,1,3,2,25,3,2,1,1,1,0,0,1,0,0,1,0,0,1,1,0,0.3713388427034726,Aprobado automatico
2,15,2,26,2,3,2,2,1,25,3,1,1,1,1,0,0,1,0,0,1,0,1,0,1,0,0.3037619733902238,Aprobado automatico
2,24,2,29,2,2,3,1,3,29,3,1,1,1,1,0,0,1,0,0,1,0,0,1,1,0,0.5136796549867326,Revision manual
1,6,4,47,5,2,3,3,1,44,3,2,2,1,1,1,0,1,0,0,1,0,1,0,1,0,0.3178750641997273,Aprobado automatico
4,24,2,23,1,4,3,2,3,28,3,1,1,2,1,0,0,1,0,0,1,0,0,1,1,0,0.12730334418282752,Aprobado automatico
4,6,2,12,3,3,3,4,2,50,3,1,1,1,1,0,1,1,0,1,0,0,0,1,1,0,0.048000269224858116,Aprobado automatico
2,12,2,11,1,4,3,3,1,29,3,2,1,1,2,0,0,0,0,0,1,0,0,1,1,0,0.027876371660431457,Aprobado automatico
4,12,4,9,1,1,2,2,2,38,3,1,1,1,1,1,0,1,0,0,1,1,0,0,1,0,0.11225945825151089,Aprobado automatico
4,18,4,18,1,3,3,2,3,24,3,2,1,1,1,0,0,1,0,0,1,0,0,1,1,0,0.09584553753437766,Aprobado automatico
3,15,2,19,1,5,3,4,3,40,3,1,1,2,1,0,0,1,0,1,0,0,0,0,1,0,0.11906767974738176,Aprobado automatico
4,12,2,11,3,3,2,4,3,29,3,1,1,1,1,0,0,1,0,1,0,0,1,0,2,1,0.14875389694672048,Aprobado automatico
1,48,4,63,1,5,3,4,4,46,3,2,1,2,1,0,1,1,0,0,0,0,0,1,2,1,0.2495438032379787,Aprobado automatico
3,24,2,14,2,5,2,2,4,47,3,1,1,2,1,0,0,1,0,0,0,0,0,1,1,0,0.11802009156464001,Aprobado automatico
2,30,3,25,2,5,3,2,2,41,2,2,1,1,1,0,0,1,0,0,1,0,0,1,1,0,0.379083144674832,Aprobado automatico
2,27,2,25,1,2,2,1,2,32,3,1,2,2,1,0,0,1,0,0,1,0,0,1,1,0,0.5015334574253563,Revision manual
4,15,2,53,3,5,2,4,4,35,3,1,1,1,1,1,0,1,0,0,0,0,0,1,1,0,0.14045232473863362,Aprobado automatico
2,48,2,66,2,4,3,2,2,24,3,1,1,1,1,1,0,1,0,0,1,0,0,1,2,1,0.7964959989896958,Rechazado
2,12,0,30,1,2,2,3,2,25,3,2,1,1,1,0,0,1,0,1,0,0,0,1,2,1,0.7355496818779956,Rechazado
2,9,2,12,1,5,2,4,1,25,3,1,1,1,1,0,0,1,0,0,1,0,0,1,1,0,0.17589441374530734,Aprobado automatico
2,9,2,21,1,3,3,2,1,37,3,1,2,1,1,0,0,1,0,0,1,0,1,0,1,0,0.2729170718167275,Aprobado automatico
4,18,4,6,3,5,3,3,2,32,1,2,1,2,1,0,0,1,0,0,1,0,0,0,1,0,0.033149739354692814,Aprobado automatico
1,6,1,12,1,5,2,4,4,35,3,1,1,1,1,0,0,1,0,0,0,0,0,1,2,1,0.3244318152125469,Aprobado automatico
4,21,2,25,5,5,3,4,1,46,3,1,1,2,1,0,1,1,0,0,1,0,0,0,1,0,0.012599345899121355,Aprobado automatico
1,9,4,11,1,3,3,4,1,25,3,2,1,1,1,0,0,1,0,0,1,0,1,0,1,0,0.19682759365337593,Aprobado automatico
2,60,2,140,1,4,3,2,4,27,3,1,1,2,1,1,0,1,0,0,1,0,0,0,2,1,0.8953033179994421,Rechazado
4,30,4,76,5,5,3,4,3,63,3,2,1,1,1,0,1,1,0,0,1,0,0,1,1,0,0.041137446013540885,Aprobado automatico
4,30,4,31,5,5,3,2,3,40,3,2,2,2,1,0,0,1,0,0,1,0,0,1,1,0,0.04174627418952587,Aprobado automatico
4,18,2,15,1,3,3,2,4,32,3,1,1,2,1,0,0,1,0,0,0,0,0,0,1,0,0.060306859278411756,Aprobado automatico
3,24,4,31,5,3,3,2,3,31,3,2,1,2,1,0,0,1,0,0,1,0,0,1,1,0,0.07784990149682992,Aprobado automatico
2,20,0,61,2,5,4,4,3,31,1,2,1,2,1,0,1,1,0,0,1,0,0,1,1,0,0.4044907959808061,Revision manual
3,9,0,13,1,2,3,2,3,34,3,2,1,2,1,0,0,1,0,0,1,0,0,0,2,1,0.32286083254642034,Aprobado automatico
2,6,1,4,4,2,2,2,2,24,1,1,2,1,1,0,0,1,0,1,0,0,0,1,2,1,0.5599034857618507,Rechazado
1,12,2,12,1,3,2,2,1,24,3,1,1,1,1,1,0,1,0,0,1,0,1,0,2,1,0.618769139801569,Rechazado
2,9,2,8,3,3,2,3,1,66,3,1,1,1,1,0,0,1,0,0,1,0,1,0,1,0,0.24433564358399135,Aprobado automatico
4,27,2,26,1,3,2,3,1,21,3,1,1,1,1,1,0,1,0,1,0,0,0,1,2,1,0.44322843030028247,Revision manual
4,6,4,2,4,3,2,2,1,41,1,2,1,1,1,1,0,1,0,0,1,0,1,0,1,0,0.12342030317032797,Aprobado automatico
4,15,4,13,3,3,4,2,2,47,3,2,1,1,1,0,0,1,0,0,1,0,1,0,1,0,0.047418837750873105,Aprobado automatico
1,18,2,19,1,3,2,4,3,25,1,2,1,1,1,0,0,1,0,1,0,0,0,1,2,1,0.8167663361518628,Rechazado
2,48,1,64,1,5,2,3,4,59,3,1,1,1,1,0,0,1,0,1,0,0,0,1,2,1,0.8812327664532411,Rechazado
3,24,4,13,4,3,1,4,1,36,3,2,1,2,1,0,0,1,0,0,1,0,0,1,1,0,0.08442393119981596,Aprobado automatico
2,24,3,64,1,2,3,2,3,33,3,1,1,1,1,0,0,1,0,0,1,0,0,1,1,0,0.4987415551306967,Revision manual
1,24,2,20,1,3,3,4,1,21,3,1,2,1,1,0,0,1,0,1,0,0,1,0,2,1,0.5866164190520657,Rechazado
2,8,2,8,1,4,2,2,1,44,3,1,1,1,1,0,0,0,0,0,1,0,1,0,1,0,0.06939205563050228,Aprobado automatico
4,24,2,26,4,3,2,4,3,28,3,1,1,2,1,0,1,1,0,1,0,0,0,1,1,0,0.07395062382106317,Aprobado automatico
4,4,4,34,1,4,2,1,1,37,3,1,2,1,1,1,0,1,0,0,1,0,0,1,1,0,0.08619702395676584,Aprobado automatico
2,36,1,40,5,2,2,2,4,29,1,1,1,1,1,0,0,1,0,0,1,1,0,0,1,0,0.7060455263348449,Rechazado
2,24,2,116,1,3,2,4,3,23,3,2,1,1,1,0,1,1,0,1,0,0,0,0,2,1,0.5015731102134902,Revision manual
1,18,2,44,2,3,3,4,3,35,3,1,2,2,1,1,0,1,0,0,1,0,1,0,1,0,0.6342848666667904,Rechazado
4,6,4,68,1,4,3,3,4,45,3,2,2,2,1,1,0,1,0,0,1,0,0,0,1,0,0.09127549941980294,Aprobado automatico
2,30,0,43,2,3,2,4,3,26,3,2,1,1,1,0,0,1,0,1,0,0,1,0,2,1,0.8320361635392758,Rechazado
1,24,1,23,2,4,3,3,3,32,1,1,1,1,1,1,0,1,0,0,1,0,0,1,1,0,0.8792771258053775,Rechazado
2,10,1,10,1,3,3,4,1,23,2,1,1,1,1,0,0,1,0,0,1,0,1,0,1,0,0.3915796387470726,Aprobado automatico
4,21,2,32,5,5,3,3,2,41,3,1,1,2,1,0,0,1,0,0,1,0,0,1,1,0,0.04331829873526503,Aprobado automatico
1,24,1,25,3,3,3,4,1,22,2,1,1,2,1,0,0,1,0,0,1,0,0,1,1,0,0.5016714972750371,Revision manual
1,39,4,142,5,4,3,4,2,30,3,2,1,2,1,0,0,1,0,0,1,0,0,0,1,0,0.30793346182553866,Aprobado automatico
1,13,4,18,1,2,3,1,2,28,1,2,1,1,1,0,0,1,0,0,1,0,1,0,1,0,0.514433659009892,Revision manual
1,15,2,25,1,1,2,4,3,23,3,1,1,1,1,1,0,1,0,1,0,0,0,1,1,0,0.8560175258015306,Rechazado
1,12,2,13,1,2,2,1,1,37,3,1,1,1,1,1,0,1,0,0,1,0,1,0,2,1,0.7025318938609825,Rechazado
4,21,2,52,5,3,3,3,3,26,3,1,1,1,1,0,1,1,0,0,1,0,0,1,1,0,0.06295947735238415,Aprobado automatico
4,15,2,30,1,4,3,2,3,33,3,1,1,1,1,0,1,1,0,0,1,0,0,1,1,0,0.07304272793743297,Aprobado automatico
1,6,2,4,1,5,2,1,2,49,1,1,1,2,1,0,0,1,0,0,1,0,0,1,1,0,0.384175910640947,Aprobado automatico
1,18,2,10,1,2,2,2,3,23,3,1,1,1,1,1,0,1,0,0,1,0,1,0,2,1,0.7918147677219193,Rechazado
2,12,2,8,2,4,2,4,1,23,3,1,1,1,1,0,0,1,0,1,0,0,1,0,1,0,0.24936612095457938,Aprobado automatico
4,30,4,58,1,4,2,2,3,25,3,2,1,1,1,0,0,1,0,0,1,0,0,1,1,0,0.17904826586783779,Aprobado automatico
4,12,3,16,4,5,3,4,4,55,3,2,2,1,1,0,0,1,0,0,0,0,0,1,2,1,0.03292171982215295,Aprobado automatico
1,24,2,13,5,4,2,4,4,32,3,1,1,1,1,1,0,1,0,1,0,0,0,1,2,1,0.7056047904878755,Rechazado
3,6,4,13,1,3,3,1,1,74,3,3,2,1,2,1,0,1,0,0,1,1,0,0,1,0,0.052292041860018276,Aprobado automatico
3,15,4,13,5,3,3,4,4,39,3,2,1,2,1,0,0,1,0,0,0,0,0,1,2,1,0.029927967809957105,Aprobado automatico
4,24,2,14,1,3,3,2,1,31,3,1,1,2,1,1,0,0,0,0,1,0,0,1,1,0,0.06312778487222287,Aprobado automatico
1,12,4,7,1,5,3,3,2,35,3,2,1,1,1,1,0,1,0,0,1,0,0,1,2,1,0.3274304981842926,Aprobado automatico
4,15,4,50,5,5,2,4,3,59,3,1,1,2,1,1,0,1,0,0,1,0,0,1,1,0,0.053290068283885994,Aprobado automatico
1,18,4,21,1,3,2,4,1,24,3,2,1,1,1,0,0,1,0,1,0,0,0,1,2,1,0.3869814468948522,Aprobado automatico
1,12,2,22,1,3,3,3,2,24,3,1,1,1,1,0,0,1,0,0,1,0,1,0,1,0,0.4261690376278278,Revision manual
4,21,4,127,5,5,3,4,4,30,3,1,1,2,1,1,0,1,0,0,0,0,0,0,2,1,0.03409899951371302,Aprobado automatico
4,24,4,25,2,4,4,3,2,27,3,2,1,2,1,1,0,1,0,0,1,0,0,1,1,0,0.08070391687905694,Aprobado automatico
2,12,2,12,1,5,4,3,1,40,1,2,1,1,1,0,0,0,0,0,1,0,1,0,1,0,0.09804879197760974,Aprobado automatico
1,30,2,31,1,2,1,4,2,31,3,1,1,1,1,0,0,1,0,0,1,0,1,0,2,1,0.7700592124589803,Rechazado
4,10,2,29,5,2,2,4,1,31,3,1,1,1,1,0,1,1,0,1,0,0,0,1,1,0,0.05060264990622359,Aprobado automatico
2,12,4,36,1,5,3,4,3,28,3,3,1,2,1,0,0,1,0,1,0,0,0,1,1,0,0.14437115186195823,Aprobado automatico
4,12,4,17,1,5,3,4,1,63,3,2,1,2,1,0,0,1,0,0,1,0,1,0,1,0,0.025791306973671158,Aprobado automatico
1,24,2,28,5,5,2,4,1,26,3,1,1,1,1,0,1,1,0,1,0,0,0,1,1,0,0.19545911302305977,Aprobado automatico
1,36,4,81,1,3,2,2,4,25,3,2,1,2,1,0,0,1,0,0,1,0,0,0,2,1,0.5635592768125502,Rechazado
4,21,4,33,1,5,3,4,3,36,3,1,1,2,1,0,1,1,0,0,1,0,0,0,1,0,0.014881971228660864,Aprobado automatico
4,24,4,22,2,5,3,4,2,52,1,2,1,1,1,0,0,1,0,0,1,0,0,1,1,0,0.12089940348333676,Aprobado automatico
3,12,4,15,3,1,3,4,4,66,1,3,1,1,1,1,0,1,0,0,0,1,0,0,1,0,0.24178277552662852,Aprobado automatico
1,24,2,14,5,3,2,4,1,25,3,1,1,1,1,1,0,1,0,1,0,0,0,1,2,1,0.6318113240081977,Rechazado
4,36,4,35,1,4,3,4,3,37,3,2,1,2,1,1,0,1,0,0,1,0,0,1,1,0,0.22252579627914196,Aprobado automatico
1,18,2,35,1,4,2,1,1,25,3,1,1,1,1,0,0,0,0,0,1,0,0,1,1,0,0.1788810357816949,Aprobado automatico
4,36,4,57,4,5,3,2,3,38,3,2,1,2,1,0,1,1,0,0,1,0,0,0,1,0,0.024676869727001647,Aprobado automatico
2,18,2,39,1,1,2,4,3,67,3,1,1,2,1,0,0,1,0,0,1,0,0,1,1,0,0.5487416751616693,Revision manual
2,39,4,49,1,4,3,2,1,25,3,2,1,1,1,0,0,0,0,0,1,0,0,1,2,1,0.1156432272153243,Aprobado automatico
4,24,4,19,4,5,3,4,1,60,3,1,1,2,1,1,0,1,0,0,1,0,0,1,1,0,0.04529084050129251,Aprobado automatico
2,12,0,14,1,3,3,2,1,31,3,1,1,2,1,0,0,1,0,0,1,0,1,0,1,0,0.3598230870421454,Aprobado automatico
2,12,2,8,2,2,2,2,2,23,1,1,1,1,1,1,0,1,0,0,1,0,1,0,2,1,0.6989073663322449,Rechazado
2,20,2,65,5,1,1,4,1,60,3,1,1,2,1,0,1,1,0,0,1,0,0,0,1,0,0.1769248931501059,Aprobado automatico
2,18,2,19,4,3,3,2,2,35,3,1,1,2,1,0,0,1,0,0,1,0,1,0,1,0,0.1804729975034623,Aprobado automatico
4,22,2,27,3,5,3,4,3,40,3,1,1,1,1,0,0,1,0,0,1,0,0,1,1,0,0.10712994829883657,Aprobado automatico
4,48,4,28,5,5,3,3,3,38,3,2,2,2,1,0,1,1,0,0,1,0,0,1,1,0,0.04018238076118903,Aprobado automatico
2,48,3,62,1,5,3,4,4,50,3,1,1,1,1,0,0,1,0,0,0,0,0,1,2,1,0.4581072341925002,Revision manual
1,40,4,60,1,3,3,3,4,27,1,1,1,2,1,0,0,1,0,0,1,0,0,1,2,1,0.7091487594549193,Rechazado
2,21,2,12,1,5,2,4,2,39,3,1,2,1,1,0,0,1,0,0,1,0,0,1,2,1,0.3390996493993274,Aprobado automatico
4,24,2,63,5,5,3,4,3,41,3,1,2,2,1,0,1,1,0,0,1,0,0,0,1,0,0.026686453709181896,Aprobado automatico
4,6,4,12,5,3,4,2,2,27,3,2,1,1,1,0,0,1,0,0,1,0,0,1,1,0,0.020119945457456066,Aprobado automatico
3,24,2,29,1,5,1,4,4,51,3,1,1,1,1,0,0,1,0,0,0,0,0,1,1,0,0.246821830103723,Aprobado automatico
4,24,2,31,3,5,3,3,4,32,3,1,1,2,1,0,0,1,0,1,0,0,0,1,1,0,0.11715356153686697,Aprobado automatico
4,9,2,23,2,2,2,4,2,22,3,1,1,1,1,0,0,1,0,1,0,0,0,1,1,0,0.16908897892908825,Aprobado automatico
1,18,2,75,5,5,3,4,2,51,3,1,2,2,1,0,1,1,0,0,0,0,0,1,2,1,0.06958715005390906,Aprobado automatico
4,12,4,13,1,2,2,4,2,22,3,2,1,1,1,0,0,1,0,1,0,0,1,0,1,0,0.11320669115696745,Aprobado automatico
4,24,3,7,5,5,4,4,3,54,3,2,1,2,1,1,0,1,0,0,1,0,0,1,1,0,0.0723930123286183,Aprobado automatico
2,9,2,15,5,2,3,2,1,35,3,1,1,1,1,1,0,1,0,0,1,1,0,0,1,0,0.18066013560165567,Aprobado automatico
4,24,4,16,1,5,3,4,4,54,3,2,2,1,1,0,0,1,0,0,0,0,0,1,1,0,0.058904028876102944,Aprobado automatico
2,18,4,18,1,5,2,4,1,48,1,2,1,2,1,0,0,0,0,1,0,0,1,0,1,0,0.07209751699706796,Aprobado automatico
1,20,4,43,1,5,2,4,2,24,3,2,1,1,1,0,0,1,0,0,1,0,0,1,1,0,0.2995805198580706,Aprobado automatico
4,12,4,10,5,5,3,4,3,35,3,2,1,1,1,0,0,1,0,0,1,0,0,1,1,0,0.02275675864884687,Aprobado automatico
2,12,2,75,5,1,2,2,1,24,3,1,1,1,1,1,0,1,0,1,0,1,0,0,1,0,0.4122728093063896,Revision manual
1,36,2,93,1,4,3,1,3,24,3,1,1,2,1,1,0,1,0,0,1,0,0,1,2,1,0.8183967647850989,Rechazado
2,6,2,6,1,2,4,3,1,26,3,1,1,1,2,0,0,1,0,0,1,0,1,0,1,0,0.08736654619642811,Aprobado automatico
4,12,4,9,5,5,3,4,1,65,3,4,1,1,1,0,0,1,0,0,1,0,0,1,1,0,0.027940232221560595,Aprobado automatico
2,42,1,93,1,1,3,2,4,55,1,1,1,2,1,0,1,1,0,0,0,0,0,0,1,0,0.719965769031055,Rechazado
2,15,0,18,1,2,2,1,1,26,3,2,1,1,1,1,0,1,0,1,0,1,0,0,2,1,0.737103610143384,Rechazado
2,8,2,9,1,2,4,2,1,26,3,1,1,2,1,0,0,1,0,0,1,0,0,1,1,0,0.16086264321612828,Aprobado automatico
2,6,2,5,1,4,4,3,1,28,1,1,1,1,1,0,0,0,0,0,1,0,1,0,1,0,0.07304532797134819,Aprobado automatico
1,36,4,96,1,4,3,4,3,24,3,2,1,2,1,0,1,1,0,0,1,0,0,1,2,1,0.30467561130529996,Aprobado automatico
1,48,2,31,1,3,3,4,3,54,3,1,1,1,1,0,0,1,0,0,1,0,0,1,2,1,0.8434274457484191,Rechazado
1,48,2,39,1,4,3,4,4,46,3,1,2,1,1,1,0,1,0,0,0,0,0,1,2,1,0.8577351217243525,Rechazado
2,36,3,74,1,3,2,2,2,54,3,1,1,1,1,1,0,1,0,1,0,0,0,1,1,0,0.8281226545435153,Rechazado
4,6,2,13,3,3,1,4,1,62,3,1,1,1,1,0,0,1,0,0,1,0,0,1,1,0,0.09912091687145919,Aprobado automatico
4,6,4,16,1,4,2,2,3,24,3,2,1,2,1,0,0,1,0,1,0,0,0,1,1,0,0.04783277614712324,Aprobado automatico
1,36,2,159,1,1,1,3,3,43,3,1,1,1,1,0,0,0,1,0,1,0,0,0,1,0,0.8963320697603556,Rechazado
1,18,2,13,1,3,4,3,1,26,1,1,1,1,1,0,0,1,0,0,1,0,0,1,2,1,0.5632740390906282,Rechazado
4,12,2,11,1,3,4,2,1,27,3,2,1,2,1,1,0,1,0,0,1,0,0,1,1,0,0.1342293251992458,Aprobado automatico
3,12,2,30,1,3,4,1,3,24,3,1,1,1,1,0,0,1,0,0,1,0,0,1,1,0,0.20903421030965957,Aprobado automatico
1,36,2,27,1,5,3,2,2,41,1,1,2,1,1,0,0,1,0,0,1,0,0,1,2,1,0.7717612280587385,Rechazado
1,8,4,7,1,5,3,4,1,47,3,2,1,1,1,1,0,1,0,0,1,0,1,0,1,0,0.2626728747806394,Aprobado automatico
4,18,4,38,1,2,1,2,3,35,3,2,1,2,1,0,0,1,0,0,1,0,0,0,1,0,0.10514675427123019,Aprobado automatico
1,21,4,16,1,5,4,3,3,30,3,2,1,2,1,1,0,1,0,0,1,0,0,1,1,0,0.3125011617967099,Aprobado automatico
1,18,4,40,1,5,2,4,1,33,1,3,1,2,1,1,0,1,0,1,0,0,0,1,2,1,0.6083487799866151,Rechazado
4,18,0,42,1,3,3,2,3,36,2,2,2,1,1,0,0,1,0,0,1,0,0,1,2,1,0.5503094359956527,Rechazado
1,36,2,83,5,5,3,4,4,47,3,1,1,1,1,0,1,1,0,0,0,0,0,1,2,1,0.2588225943342582,Aprobado automatico
2,48,3,67,5,3,3,4,4,38,3,1,2,2,1,0,0,1,0,0,0,0,0,1,1,0,0.30535416519862907,Aprobado automatico
4,24,3,24,3,3,3,2,3,44,3,2,2,2,1,0,0,1,0,0,1,0,0,1,1,0,0.10883504279984309,Aprobado automatico
1,18,2,12,1,2,2,3,3,23,3,1,1,2,1,1,0,1,0,1,0,0,0,1,2,1,0.7612082495855139,Rechazado
1,45,0,118,1,5,3,4,3,29,3,2,1,1,1,0,0,1,0,1,0,0,0,1,2,1,0.9414483021486285,Rechazado
2,24,2,51,5,5,2,4,3,42,3,1,1,2,1,0,0,1,0,0,1,0,0,1,1,0,0.20404821401463033,Aprobado automatico
3,15,2,23,1,2,2,3,1,25,3,1,1,1,1,0,0,1,0,0,1,0,1,0,2,1,0.2661305388255365,Aprobado automatico
1,12,0,11,1,3,3,4,3,48,1,2,1,1,1,1,0,1,0,0,1,0,0,1,2,1,0.926447426543124,Rechazado
4,12,2,9,5,3,2,2,3,21,3,1,1,1,1,0,0,1,0,0,1,0,0,1,1,0,0.08381803510585754,Aprobado automatico
4,4,2,6,1,2,2,3,1,23,3,1,2,1,1,0,0,1,0,1,0,0,1,0,1,0,0.14149913838899977,Aprobado automatico
1,24,4,30,1,5,3,4,2,63,3,2,1,2,1,0,1,1,0,0,1,0,0,1,1,0,0.1295219405072118,Aprobado automatico
4,24,4,26,1,5,4,3,1,46,3,2,1,1,1,0,0,0,1,0,1,0,0,1,1,0,0.03836178636642238,Aprobado automatico
1,36,2,52,1,4,3,2,2,29,3,1,1,1,1,0,0,1,0,0,1,0,0,1,2,1,0.6792786812454905,Rechazado
4,21,3,30,1,3,3,2,1,28,2,2,1,1,1,0,1,1,0,0,1,0,1,0,1,0,0.08755038213490705,Aprobado automatico
4,18,2,19,1,2,2,4,1,23,3,1,1,1,1,0,0,1,0,0,1,0,0,1,2,1,0.18109384469564946,Aprobado automatico
4,24,1,16,1,4,3,4,3,50,1,1,1,2,1,0,0,1,0,0,1,0,0,1,1,0,0.32596580117426943,Aprobado automatico
4,18,2,34,1,5,3,4,2,47,1,3,2,2,1,0,0,1,0,0,1,0,0,1,1,0,0.2101429411403703,Aprobado automatico
2,21,2,40,5,4,3,3,3,35,3,1,1,2,1,0,0,1,0,0,1,0,0,1,1,0,0.1783403008034339,Aprobado automatico
4,18,2,68,5,3,3,4,3,68,3,2,1,1,1,1,0,1,0,1,0,0,0,1,2,1,0.3885290595942814,Aprobado automatico
4,24,2,12,1,2,4,2,1,28,3,1,1,1,1,1,0,1,0,0,1,0,0,1,1,0,0.3079778870525159,Aprobado automatico
1,9,2,14,1,4,3,4,1,59,3,1,1,1,1,0,0,1,0,0,1,0,0,1,1,0,0.3345980861883928,Aprobado automatico
1,12,2,7,1,5,3,4,1,57,2,1,1,1,1,0,0,1,0,0,1,0,1,0,2,1,0.37316904779669546,Aprobado automatico
1,20,4,22,1,3,4,2,2,33,1,2,1,1,2,1,0,0,0,1,0,0,0,1,2,1,0.19843121490230253,Aprobado automatico
4,24,4,40,5,4,3,4,2,43,3,2,1,2,1,0,1,1,0,0,1,0,0,1,1,0,0.015498244712774644,Aprobado automatico
4,15,4,15,1,3,3,4,4,35,3,2,1,2,1,0,0,1,0,0,0,0,0,1,1,0,0.03431703683460257,Aprobado automatico
1,18,1,14,1,4,3,4,4,32,3,2,2,1,1,1,0,1,0,0,0,0,1,0,2,1,0.7050399800347149,Rechazado
4,36,3,109,1,5,3,2,3,45,3,2,2,2,1,1,0,1,0,0,1,0,0,1,1,0,0.39841214465759506,Aprobado automatico
4,24,2,15,2,2,4,3,1,33,3,1,1,2,1,1,0,1,0,0,1,0,0,1,1,0,0.19366056593503922,Aprobado automatico
4,10,2,9,5,4,2,3,2,40,3,1,1,2,1,0,0,1,0,0,1,0,0,1,1,0,0.03674469555189227,Aprobado automatico
4,15,4,33,1,3,3,2,4,28,3,1,1,2,1,0,0,1,0,0,0,0,0,1,1,0,0.03226644762087739,Aprobado automatico
1,15,2,40,1,3,2,2,2,29,3,1,1,2,1,1,0,1,0,0,1,0,0,1,2,1,0.6339587822335715,Rechazado
4,9,2,36,2,3,3,2,1,26,3,1,2,1,2,1,0,0,0,1,0,0,0,1,1,0,0.026332715238280256,Aprobado automatico
4,24,4,58,4,3,3,2,1,27,3,2,1,1,1,0,1,1,0,0,1,0,0,1,1,0,0.03279572264530764,Aprobado automatico
4,18,3,22,1,3,4,2,3,28,3,1,1,2,1,0,0,1,0,0,1,0,0,1,2,1,0.06967522535390881,Aprobado automatico
1,24,2,24,1,2,2,4,1,35,3,1,1,2,1,0,0,1,0,0,1,0,0,1,2,1,0.5256151106832181,Revision manual
4,27,4,45,4,2,3,2,1,32,2,2,2,2,1,0,0,1,0,0,1,0,1,0,1,0,0.08912588976205954,Aprobado automatico
4,10,2,22,1,3,3,2,1,25,1,1,1,1,1,0,0,1,0,1,0,0,1,0,2,1,0.22664626977820362,Aprobado automatico
4,15,2,22,3,3,2,4,3,20,3,1,1,1,1,0,0,1,0,1,0,0,0,1,1,0,0.16792792293043468,Aprobado automatico
1,18,2,24,1,2,2,1,3,27,2,1,1,1,1,0,0,1,0,0,1,0,0,1,1,0,0.741008947259979,Rechazado
4,12,4,33,1,5,3,4,2,42,2,1,1,1,1,0,0,1,0,0,1,0,0,1,1,0,0.053886381065152145,Aprobado automatico
4,36,2,74,5,5,3,2,2,37,3,2,1,1,1,0,0,1,0,0,1,0,0,1,1,0,0.1759452066259909,Aprobado automatico
1,12,2,7,1,5,2,4,2,24,3,1,1,1,1,0,0,1,0,1,0,0,0,1,1,0,0.39782463196916995,Aprobado automatico
4,36,3,77,3,4,2,4,3,40,3,2,1,2,1,0,0,1,0,0,1,0,0,1,1,0,0.18555212786117145,Aprobado automatico
3,6,4,13,1,5,3,4,1,46,3,2,2,1,2,1,0,1,0,0,1,0,0,1,1,0,0.04155457724407032,Aprobado automatico
1,24,4,14,2,4,3,1,1,26,3,2,1,2,1,0,0,1,0,0,1,0,0,1,1,0,0.18025103677511128,Aprobado automatico
4,15,2,9,5,2,2,1,1,24,3,1,1,1,1,0,0,1,0,0,1,0,0,1,1,0,0.08935584723031387,Aprobado automatico
1,12,2,36,1,3,3,2,2,29,3,1,2,1,1,0,0,0,1,0,1,0,1,0,1,0,0.3982482176978919,Aprobado automatico
2,11,4,13,4,3,2,4,3,40,3,2,1,1,1,1,0,1,0,0,1,0,0,1,1,0,0.27881596060638003,Aprobado automatico
1,18,1,19,1,2,3,4,4,36,1,1,1,2,1,0,0,0,1,0,0,0,0,0,1,0,0.49905081936613715,Revision manual
4,36,2,36,1,5,3,2,3,28,3,1,1,1,1,0,0,1,0,0,1,0,0,1,1,0,0.24650290501966274,Aprobado automatico
1,9,2,14,1,2,3,2,4,27,3,1,1,2,1,1,0,1,0,0,0,0,0,0,2,1,0.3910574740270349,Aprobado automatico
4,30,4,67,5,4,3,3,2,36,3,2,1,1,1,0,0,1,0,0,1,0,0,1,1,0,0.07382887034315333,Aprobado automatico
4,24,2,78,1,4,3,3,3,38,3,1,1,2,1,0,1,1,0,0,1,0,0,0,1,0,0.06885037416080562,Aprobado automatico
4,24,2,93,5,3,1,4,4,48,3,1,1,2,1,0,1,1,0,0,0,0,0,1,1,0,0.05966483765631827,Aprobado automatico
2,30,4,22,5,5,3,4,1,36,3,2,1,1,1,1,0,1,0,0,1,0,0,1,1,0,0.2074727305920226,Aprobado automatico
4,18,4,11,1,1,2,4,3,65,3,2,1,1,1,0,0,1,0,0,1,1,0,0,1,0,0.10956913460999837,Aprobado automatico
2,24,2,41,1,4,1,3,3,43,3,1,1,2,1,0,0,1,0,0,1,0,0,1,2,1,0.4477079078009834,Revision manual
1,12,2,8,1,2,2,4,2,53,3,1,1,1,1,0,0,1,0,0,1,0,0,1,2,1,0.561297167934727,Rechazado
2,24,4,28,5,4,3,3,4,34,3,2,2,2,1,0,0,1,0,0,1,0,0,1,1,0,0.1274262041045407,Aprobado automatico
2,48,2,157,1,3,3,2,3,23,3,1,1,2,1,0,0,1,0,0,1,0,0,1,2,1,0.7803626125581227,Rechazado
4,36,4,66,1,5,3,4,3,34,3,2,1,2,1,1,0,1,0,0,1,0,0,0,1,0,0.16480985610527019,Aprobado automatico
4,28,1,78,5,2,3,4,1,40,1,2,2,2,1,0,1,0,0,1,0,0,0,1,1,0,0.07927703011952253,Aprobado automatico
1,27,4,24,1,5,3,4,3,43,2,4,2,2,1,0,0,1,0,0,1,0,0,0,1,0,0.3792189402842599,Aprobado automatico
4,15,4,18,1,5,3,4,3,46,3,2,1,2,1,0,0,1,0,0,1,0,0,1,1,0,0.03763152544252222,Aprobado automatico
1,12,4,22,1,3,3,4,2,38,1,2,1,1,2,1,0,1,0,0,1,0,1,0,1,0,0.3886517532660641,Aprobado automatico
2,36,4,58,1,3,3,4,3,34,3,2,1,2,1,0,1,1,0,0,1,0,0,1,1,0,0.21394249568982293,Aprobado automatico
4,18,4,12,5,3,3,3,2,29,3,2,1,2,1,0,0,1,0,0,1,0,0,1,1,0,0.025651308699739493,Aprobado automatico
4,36,3,89,5,4,3,2,3,31,2,1,2,2,1,0,1,1,0,0,1,0,0,0,1,0,0.05891592544942212,Aprobado automatico
1,21,2,26,1,2,2,4,2,28,3,1,1,2,1,0,0,1,0,1,0,0,0,0,1,0,0.5296953570592831,Revision manual
4,12,4,16,4,4,2,2,2,35,3,1,1,1,2,0,0,1,0,0,1,0,0,1,1,0,0.012091615684980126,Aprobado automatico
4,15,2,22,5,4,2,4,1,33,1,1,1,1,1,0,0,1,0,1,0,0,1,0,1,0,0.14350615714396955,Aprobado automatico
1,18,2,42,1,3,3,3,3,42,3,1,1,1,1,0,0,0,1,0,1,0,0,1,2,1,0.512935356089007,Revision manual
1,16,4,26,1,5,3,4,2,43,1,1,1,2,1,1,0,0,0,1,0,0,0,1,2,1,0.18663387487672195,Aprobado automatico
4,20,4,35,5,2,1,4,1,44,3,2,1,2,1,1,0,1,0,0,1,0,0,1,1,0,0.11121526284057157,Aprobado automatico
4,36,4,105,5,5,3,4,4,42,3,2,1,1,1,0,1,1,0,0,0,0,0,1,1,0,0.03362771231589509,Aprobado automatico
4,15,2,14,5,3,4,2,1,40,3,1,1,2,1,0,0,1,0,1,0,0,0,1,1,0,0.04594166331567833,Aprobado automatico
4,24,2,13,1,5,3,1,1,36,3,1,1,2,1,0,0,1,0,0,1,0,0,0,1,0,0.057450642833357185,Aprobado automatico
1,12,2,11,1,3,3,2,1,20,3,1,2,2,1,0,0,1,0,1,0,0,0,0,1,0,0.2876793623906286,Aprobado automatico
1,21,2,38,5,4,3,2,1,24,3,1,1,1,2,1,0,0,1,0,1,0,1,0,1,0,0.18345113948726566,Aprobado automatico
2,36,2,37,5,3,4,2,3,27,3,1,1,1,1,0,0,1,0,0,1,0,0,1,1,0,0.39802384200178964,Aprobado automatico
4,15,3,36,1,2,2,2,2,46,3,2,1,1,1,0,1,1,0,0,1,0,1,0,1,0,0.10283500761303932,Aprobado automatico
2,9,2,32,5,3,2,2,1,33,3,1,1,1,1,1,0,1,0,0,1,0,1,0,1,0,0.3204308426446559,Aprobado automatico
4,36,3,45,1,3,2,4,1,34,3,2,1,1,1,0,0,1,0,0,1,0,0,1,1,0,0.26782051252083305,Aprobado automatico
2,24,4,47,1,2,2,4,3,25,1,1,1,1,1,0,0,1,0,0,1,0,1,0,2,1,0.5565693123794999,Rechazado
2,30,2,30,5,5,2,4,3,25,3,1,1,1,1,0,0,1,0,0,1,0,0,1,1,0,0.29200829082720786,Aprobado automatico
4,11,2,21,4,5,1,2,1,28,3,1,1,2,1,0,0,1,0,0,1,0,0,1,1,0,0.03737751414733828,Aprobado automatico
1,24,1,32,1,3,3,2,2,31,3,1,1,2,1,0,0,1,0,1,0,0,0,1,2,1,0.6574546704857931,Rechazado
2,48,0,184,1,3,2,2,2,32,1,1,1,2,2,0,0,1,0,0,1,0,0,0,2,1,0.8602214462532003,Rechazado
4,10,2,28,2,3,3,2,1,32,3,1,2,1,1,0,1,0,1,0,1,0,0,1,1,0,0.03442863075184096,Aprobado automatico
1,6,2,149,1,5,3,4,4,68,1,1,1,2,1,1,0,1,0,0,1,0,0,0,2,1,0.7493627554615696,Rechazado
1,24,2,24,2,1,1,1,2,33,3,1,1,1,1,0,0,1,0,0,1,0,0,1,2,1,0.7484921782999986,Rechazado
1,24,2,33,1,5,3,2,2,39,3,1,1,2,1,0,0,1,0,1,0,0,0,0,2,1,0.37268438024706435,Aprobado automatico
4,18,4,18,1,3,2,2,4,28,3,2,1,1,1,0,0,1,0,0,1,0,0,1,1,0,0.13773612438020844,Aprobado automatico
4,48,3,127,3,4,3,1,3,37,3,1,1,2,1,0,0,1,0,0,1,0,0,0,1,0,0.22064714198609772,Aprobado automatico
1,9,2,14,1,2,2,4,2,22,3,1,1,1,1,0,0,1,0,1,0,0,0,1,2,1,0.5574028353909699,Rechazado
2,12,2,20,1,4,3,4,2,30,3,1,2,2,1,1,0,1,0,1,0,0,0,1,1,0,0.4006599585584951,Revision manual
1,24,1,69,1,2,1,1,2,55,1,1,1,2,1,0,0,1,0,0,1,0,0,1,2,1,0.8945009414411265,Rechazado
1,12,1,7,1,2,3,2,3,46,1,2,1,2,1,1,0,1,0,0,1,0,0,1,2,1,0.8701585736508826,Rechazado
1,18,4,10,1,2,2,4,2,21,3,1,1,1,1,0,0,1,0,1,0,0,0,1,1,0,0.4247786896762728,Revision manual
1,48,2,103,1,4,3,4,4,39,2,3,2,2,1,0,1,1,0,0,0,0,0,1,2,1,0.701078183751659,Rechazado
4,30,2,19,5,5,3,4,3,58,3,1,1,2,1,0,0,1,0,0,1,0,0,1,1,0,0.07471744186872807,Aprobado automatico
1,12,3,13,1,3,3,2,1,43,3,2,2,1,1,1,0,1,0,0,1,0,1,0,1,0,0.5589726606578644,Rechazado
1,24,2,17,1,2,3,1,2,24,3,1,1,1,2,0,0,0,1,0,1,0,1,0,1,0,0.3001965915951674,Aprobado automatico
2,9,2,17,1,2,2,2,3,22,3,1,1,2,1,0,0,1,0,0,1,0,0,1,2,1,0.30525385862898363,Aprobado automatico
4,9,4,12,1,3,3,1,1,30,3,2,1,1,1,1,0,1,0,0,1,0,0,1,1,0,0.10239959236831966,Aprobado automatico
4,12,4,5,3,5,3,4,2,42,3,2,2,2,1,0,0,1,0,0,1,0,0,1,1,0,0.019094443874270166,Aprobado automatico
1,12,2,15,1,3,2,1,3,23,1,1,1,1,1,0,0,1,0,0,1,0,0,1,1,0,0.6926975904039542,Rechazado
2,30,3,19,2,2,3,3,4,30,2,2,1,1,1,0,0,1,0,0,1,0,0,0,2,1,0.545774264492107,Revision manual
3,9,2,7,1,3,2,2,1,28,3,1,1,1,1,0,0,1,0,0,1,0,1,0,2,1,0.17243356855715836,Aprobado automatico
2,6,2,21,1,2,4,3,3,30,3,1,1,2,1,0,0,1,0,1,0,0,0,0,1,0,0.2129433470377326,Aprobado automatico
2,60,2,63,1,3,3,4,4,42,3,1,1,1,1,0,0,1,0,0,0,0,0,1,2,1,0.7771888975950773,Rechazado
4,24,4,68,5,3,3,4,2,46,3,2,2,2,1,0,1,1,0,0,1,0,0,0,1,0,0.019408796766445243,Aprobado automatico
4,12,2,35,5,2,3,3,2,45,3,1,2,2,1,1,0,1,0,0,1,0,0,0,1,0,0.10784108879431517,Aprobado automatico
4,10,2,15,1,3,3,2,1,31,3,1,2,1,2,1,0,1,0,0,1,0,1,0,1,0,0.08611312737699356,Aprobado automatico
4,24,2,9,5,4,3,2,3,31,2,1,1,2,1,0,0,1,0,0,1,0,0,1,1,0,0.08641904472656081,Aprobado automatico
4,4,4,15,1,4,3,1,1,42,3,3,2,1,1,1,0,1,0,0,1,0,1,0,1,0,0.09276063770019859,Aprobado automatico
1,15,2,18,1,2,2,1,2,46,3,1,1,1,1,0,0,0,0,1,0,0,0,1,1,0,0.3444612971905401,Aprobado automatico
2,48,0,84,3,2,2,1,3,30,3,2,1,1,1,1,0,1,0,0,1,0,0,1,1,0,0.9652676641621194,Rechazado
1,24,1,33,3,2,3,4,4,30,3,1,2,2,1,0,0,1,0,0,0,0,0,1,2,1,0.48653855805767476,Revision manual
4,12,2,29,5,1,3,4,4,38,3,1,1,2,1,1,0,1,0,0,1,0,0,0,1,0,0.15474812962111562,Aprobado automatico
4,18,2,15,1,2,4,1,2,43,3,1,2,1,1,0,0,0,1,0,1,0,1,0,2,1,0.14173655937702292,Aprobado automatico
4,24,2,36,2,5,3,4,3,31,3,2,1,1,1,0,0,1,0,0,1,0,0,1,2,1,0.15781963985141312,Aprobado automatico
2,18,4,36,1,1,4,3,3,40,3,3,2,2,1,0,0,1,0,0,1,1,0,0,1,0,0.1750181111334,Aprobado automatico
1,36,3,21,1,4,3,1,3,24,3,2,1,2,1,0,0,1,0,0,1,0,0,1,2,1,0.5057767262346852,Revision manual
2,24,2,41,3,2,2,4,3,28,3,1,1,1,1,0,1,1,0,1,0,0,0,1,2,1,0.39662531883239677,Aprobado automatico
4,36,2,110,1,1,2,2,3,26,3,2,1,2,1,0,0,1,0,0,1,0,0,0,2,1,0.48796326576144206,Revision manual
1,12,2,19,1,3,2,4,2,29,3,1,1,2,1,1,0,0,0,0,1,0,0,1,1,0,0.23409562810823722,Aprobado automatico
1,24,4,12,4,5,2,4,2,57,3,2,1,2,1,0,0,1,0,1,0,0,0,0,1,0,0.16343676472167712,Aprobado automatico
3,30,4,37,5,5,3,4,2,49,2,2,1,1,1,0,0,1,0,0,1,0,1,0,1,0,0.1200590548784047,Aprobado automatico
2,9,4,12,1,5,3,4,1,37,3,3,1,1,1,0,0,1,0,0,1,0,1,0,1,0,0.1001498649918401,Aprobado automatico
1,28,2,40,1,3,3,2,3,45,3,1,1,1,1,1,0,1,0,0,1,0,1,0,2,1,0.8388501346026999,Rechazado
2,24,2,31,2,5,3,4,4,30,3,1,1,1,1,0,0,1,0,0,0,0,0,1,1,0,0.21977501909251201,Aprobado automatico
4,6,4,17,1,5,4,2,1,30,3,2,1,1,1,0,0,1,0,1,0,0,0,1,1,0,0.029288860698991726,Aprobado automatico
2,21,3,24,1,3,1,4,2,47,3,2,1,1,1,1,0,1,0,0,1,0,0,1,1,0,0.6475435104172859,Rechazado
4,15,2,36,5,3,3,2,4,29,3,1,1,1,1,1,0,1,0,0,1,0,0,1,1,0,0.21804036407442792,Aprobado automatico
4,24,2,24,3,5,3,2,3,35,1,2,1,2,1,0,0,1,0,0,1,0,0,1,2,1,0.16937755797499704,Aprobado automatico
2,6,2,5,1,2,4,1,2,22,3,1,1,1,1,0,0,1,0,0,1,0,1,0,1,0,0.24408212210676186,Aprobado automatico
2,30,2,17,5,3,2,1,3,26,3,1,1,1,1,0,0,1,0,0,1,0,0,1,1,0,0.4095719318779744,Revision manual
2,27,4,25,3,3,3,2,2,23,3,2,1,1,1,0,0,1,0,0,1,0,1,0,2,1,0.22475615539772528,Aprobado automatico
4,15,2,36,1,5,2,2,3,54,1,1,1,2,1,0,0,1,0,1,0,0,0,0,1,0,0.19792774613411854,Aprobado automatico
4,42,2,72,5,4,4,4,2,29,3,1,1,2,1,0,0,1,0,1,0,0,0,1,1,0,0.1520774760079734,Aprobado automatico
1,11,4,39,1,3,3,2,1,40,3,2,2,1,1,1,0,1,0,0,1,0,1,0,1,0,0.4706125435467588,Revision manual
2,15,2,15,2,3,3,2,1,22,3,1,1,1,1,0,0,0,0,0,1,0,0,1,1,0,0.07411719608790428,Aprobado automatico
4,24,2,74,1,3,3,4,2,43,3,1,2,1,1,1,0,1,0,0,1,0,1,0,1,0,0.4520300119372174,Revision manual
1,24,1,12,1,1,2,4,4,29,3,2,1,1,1,1,0,0,1,1,0,1,0,0,2,1,0.8673426931847219,Rechazado
1,60,2,73,1,5,3,4,4,36,3,1,1,1,1,0,0,0,1,1,0,0,0,1,2,1,0.8768355515369515,Rechazado
4,30,4,28,1,3,2,2,3,33,3,1,1,2,1,0,0,1,0,0,1,0,0,1,1,0,0.11479123370963927,Aprobado automatico
3,24,2,13,3,3,2,3,3,57,3,1,1,1,1,0,0,1,0,0,1,0,1,0,1,0,0.32876036163651556,Aprobado automatico
2,6,2,8,1,3,2,3,1,64,3,1,1,1,1,0,0,0,0,0,1,0,0,1,1,0,0.08958234822801198,Aprobado automatico
2,18,3,24,5,5,3,2,2,42,3,2,1,1,1,0,0,1,0,0,1,0,0,1,1,0,0.12921365793763584,Aprobado automatico
4,24,3,25,1,5,3,4,3,47,3,2,2,1,1,1,0,1,0,0,1,0,1,0,2,1,0.2615454850439212,Aprobado automatico
2,15,1,13,2,3,4,2,2,25,3,1,1,1,1,1,0,1,0,1,0,0,0,1,2,1,0.5997082293721033,Rechazado
2,30,4,84,1,4,3,2,2,49,3,1,1,1,1,0,0,1,0,0,1,0,0,1,2,1,0.34520480441163093,Aprobado automatico
4,48,2,48,1,1,3,2,3,33,1,1,1,2,1,0,0,1,0,1,0,0,0,0,2,1,0.6804868565078739,Rechazado
3,21,2,29,2,3,2,1,3,28,1,1,1,2,1,1,0,1,0,0,1,0,0,0,1,0,0.5133990644359608,Revision manual
1,36,2,82,1,3,3,2,2,26,3,1,2,1,1,0,1,1,0,0,1,0,0,1,2,1,0.617778330068686,Rechazado
4,24,4,20,1,4,3,2,2,30,3,2,1,1,1,0,0,1,0,0,1,0,1,0,1,0,0.08554088953674802,Aprobado automatico
1,15,4,14,1,3,2,3,2,25,3,2,1,1,1,0,0,1,0,1,0,0,0,1,1,0,0.3979413293360944,Aprobado automatico
3,42,0,63,1,2,1,1,2,33,3,2,1,1,1,0,0,1,0,0,1,0,0,1,1,0,0.8794269050285686,Rechazado
4,13,2,14,2,1,2,4,1,64,3,1,1,1,1,0,0,1,0,0,1,0,0,1,1,0,0.196710315650346,Aprobado automatico
1,24,2,66,1,1,3,2,4,29,3,1,1,2,1,0,1,1,0,0,0,0,0,0,1,0,0.31773828980623375,Aprobado automatico
2,24,4,17,1,5,3,2,2,48,3,2,1,1,1,0,0,1,0,0,1,0,1,0,1,0,0.20063262889019642,Aprobado automatico
4,12,4,36,5,2,3,1,2,37,3,2,2,1,1,0,0,1,0,0,1,0,1,0,1,0,0.054177820985544876,Aprobado automatico
4,15,1,16,2,5,3,4,3,34,1,1,2,1,1,0,0,1,0,0,1,0,1,0,1,0,0.24443951532966696,Aprobado automatico
1,18,2,19,5,4,4,4,3,23,3,2,1,1,1,0,0,1,0,1,0,0,1,0,1,0,0.3522408251538514,Aprobado automatico
1,36,2,40,1,1,3,3,2,30,3,1,1,2,1,0,0,1,0,0,1,0,0,0,1,0,0.6582026130125704,Rechazado
4,12,2,24,5,5,3,3,3,50,3,1,1,2,1,1,0,1,0,0,1,0,0,1,1,0,0.07566708948807828,Aprobado automatico
4,12,2,17,1,4,2,4,1,31,3,1,1,1,1,0,0,1,0,0,1,0,1,0,1,0,0.09672954462048837,Aprobado automatico
1,30,2,39,1,3,1,4,2,40,3,1,1,2,1,0,1,1,0,0,1,0,0,0,1,0,0.3950362570326555,Aprobado automatico
4,12,2,8,1,5,3,4,3,38,3,1,1,1,1,0,0,1,0,0,1,0,0,1,1,0,0.08936554323417074,Aprobado automatico
1,45,2,18,1,3,3,4,4,23,3,1,1,2,1,0,0,1,0,0,0,0,0,1,2,1,0.5757922176317029,Rechazado
2,45,4,46,2,1,3,4,3,27,3,1,1,1,1,0,1,1,0,0,1,0,0,1,1,0,0.39138722868930326,Aprobado automatico
